dataset_id,title,file,category,source,current_scope,desired_scope,status,rows,columns,size_bytes,notes,goal_relevant
national_codes,전국 시도/구시군 코드,data/raw/national_codes.json,code,NEC info.nec.go.kr,전국 구시군,전국 구시군,complete_for_current_goal,17.0,,19368.0,,True
vote_progress_national,시간대별 투표진행상황,data/raw/nec_vote_progress_national_2026.csv,turnout_progress,NEC VCVP01,전국 시도/구시군 시간대,전국 시도/구시군 시간대,complete_for_current_goal,3511.0,12.0,548513.0,투표소 단위가 아니라 구시군 단위로 보는 것이 안전함,True
vote_progress_default,시간대별 투표진행상황 기본 수집,data/raw/nec_vote_progress_2026.csv,turnout_progress,NEC VCVP01,전국+서울 기본 수집,전국 시도/구시군 시간대,partial,572.0,12.0,91919.0,초기 기본 수집 산출물. 전국 시간대 미러는 vote_progress_national 사용,False
prevote_national,전국 사전투표 진행상황 시간대,data/raw/nec_prevote_2026_national.csv,early_vote,NEC VCAP01,전국/시도별 날짜 1·2·누계 및 07-18시 시간대,전국/시도별 날짜 1·2·누계 및 07-18시 시간대,complete_for_current_goal,11134.0,12.0,2385604.0,2일차누계의 전체(time=0)는 NEC 화면에서 제공되지 않아 07-18시 누계만 보존,True
prevote,사전투표 진행상황,data/raw/nec_prevote_2026.csv,early_vote,NEC VCAP01,전국+서울 일부 날짜/시간,전국 시도/구시군 날짜/시간,partial,220.0,8.0,37418.0,현재 스크립트는 전국+서울 중심. 전국 전체 날짜/시간 샤딩 확장 필요,False
dong_turnout,읍면동 선거인수/선거일 투표수,data/raw/national_dong_turnout.csv,dong_turnout,NEC VCCP08,전국 구시군 읍면동,전국 구시군 읍면동,complete_for_current_goal,3558.0,10.0,241909.0,투표용지 50% 기준과 본투표 수요 분석의 핵심,True
candidate_results_all,전국 전체 선거종류 후보별 개표단위 득표,data/raw/nec_candidate_results_2026_national_all.csv,candidate_results,NEC VCCP08,전국 모든 선거종류,전국 모든 선거종류,complete_for_current_goal,317798.0,18.0,78529999.0,collect_nec_candidate_results_all.cjs 샤드 수집 후 merge_nec_candidate_results.py로 생성,True
candidate_results_smoke,전체 후보득표 수집기 smoke 검증,data/raw/nec_candidate_results_2026_smoke.csv,candidate_results,NEC VCCP08,송파구 3개 선거종류 smoke,송파구 3개 선거종류 smoke,complete_for_current_goal,759.0,18.0,191508.0,전국 전체 실행 전 수집기 선택/파싱 검증용,False
candidate_results_metro,전국 광역단체장 후보별 개표단위 득표,data/raw/vote_pattern_results_2026_national_metro.csv,candidate_results,NEC VCCP08,전국 광역단체장,전국 모든 선거종류,partial,38487.0,17.0,9731969.0,현재는 광역단체장만 완성. 전체 선거종류 확장 필요,False
candidate_results_shortage_targets,부족 발생 구시군 후보/표차 타깃 수집,data/raw/targeted_election_candidates_2026.csv,candidate_results,NEC VCCP08/EPEI01,부족 발생 구시군 중심,전국 모든 선거종류,partial,715.0,14.0,154339.0,부족 발생 구시군 표적 수집 산출물. 전체 후보득표 미러는 candidate_results_all 사용,False
candidate_results_songpa_council,송파구 기초의원 후보별 득표,data/raw/songpa_2026_result.csv,candidate_results,NEC VCCP08,송파구 기초의원,전국 모든 선거종류,partial,333.0,18.0,135930.0,송파구 기초의원 표적 수집 산출물. 전체 후보득표 미러는 candidate_results_all 사용,False
candidate_results_songpa_mayor,송파구 구청장 후보별 득표,data/raw/songpa_2026_mayor_result.csv,candidate_results,NEC VCCP08,송파구 구청장,전국 모든 선거종류,partial,85.0,8.0,19506.0,송파구 구청장 표적 수집 산출물. 전체 후보득표 미러는 candidate_results_all 사용,False
district_dong_mapping_national,전국 선거구-읍면동 매핑,data/raw/district_dong_mapping_2026_national.csv,mapping,NEC VCCP08 후보별 개표단위 득표 파생,전국 광역의원/기초의원 선거구-읍면동,전국 광역의원/기초의원 선거구-읍면동,complete_for_current_goal,6127.0,10.0,1098713.0,후보득표 전국 병합본의 선거구명·읍면동명을 고유 조합으로 추출. 행정구역 법정 매핑과 동일하다고 단정하지 않음,True
district_dong_mapping,선거구-읍면동 매핑,data/raw/district_dong_mapping_2026.csv,mapping,NEC info.nec.go.kr,수집된 타깃 구 중심,전국 선거구-읍면동,partial,214.0,7.0,39648.0,초기 타깃 구 중심 매핑. 전국 매핑은 district_dong_mapping_national 사용,False
polling_places_national,전국 선거일 투표소 목록,data/raw/nec_polling_places_2026_national.csv,polling_places,NEC public data API PolplcInfoInqireService2,전국 256개 구시군 선거일 투표소,전국 256개 구시군 선거일 투표소,complete_for_current_goal,14288.0,15.0,8882070.0,collect_nec_polling_places_national.py 체크포인트 수집. 위치/층/주소는 API 원문 필드 기준,True
shortage_polling_places,부족 발생 구시군 투표소 목록,data/processed/shortage_gu_polling_places.csv,polling_places,NEC 투표소 정보,5개 구 539개 투표소,전국 투표소,partial,539.0,9.0,96587.0,부족 발생 5개 구 참조용 목록. 전국 투표소 미러는 polling_places_national 사용,False
voter_roll_national,전국 선거인명부 확정상황 원문 행,data/raw/nec_voter_roll_2026_national.csv,voter_roll,NEC BIPB02,전국 256개 구시군 읍면동별 원문 표 행,전국 256개 구시군 읍면동별 원문 표 행,complete_for_current_goal,49183.0,20.0,25575328.0,행 병합이 있는 BIPB02 표를 cell_0..cell_N 원문 행으로 보존. 세종/제주는 기초의원선거 해당 없음으로 0행 완료 처리,True
voter_roll_songpa,선거인명부 확정상황,data/raw/nec_voter_roll_2026.csv,voter_roll,NEC BIPB02,송파구 중심,전국 읍면동/구시군,missing,,,,현재 파일이 없으면 전국 확장 전 수집기 보강 필요,False
shortage_labels,투표용지 부족 라벨,data/raw/shortage_2026.csv,incident_labels,NEC 브리핑+언론보도,67개 추가송부 라벨,공식/언론/추정 분리된 전체 라벨,partial,67.0,7.0,6899.0,투표소명 미확인 항목은 추정하지 않음,False
