num,sgId,psName,sdName,wiwName,emdName,placeName,addr,floor,polling_source_year,normalized_psName,voters_2026,election_day_eligible_2026,election_day_votes_2026,election_day_turnout_2026,polling_place_count_2022,estimated_voters_per_polling_place,estimated_election_day_votes_per_polling_place,demand_source,estimated_ballots_m1,expected_election_day_votes_m2_proxy,투표소명,실제부족여부,투표중단여부,출처URL,confirmed_shortage_named,risk_ratio,risk_grade,is_fact
1,20260603,풍납1동제1투,서울특별시,송파구,풍납1동,"풍납1동주민센터(지하1층, 다목적방)",서울특별시 송파구 천호대로152길 7 (풍납동),지하,2026,풍납1동제1투,9510,7066,3514,0.4973110670818002,3,3170.0,1171.3333333333333,2026_actual,1500,1171.3333333333333,,,,,False,0.7809,GREEN,False
2,20260603,풍납1동제2투,서울특별시,송파구,풍납1동,"서울풍납초등학교(1층, 한울채)",서울특별시 송파구 풍성로 43 (풍납동),1층,2026,풍납1동제2투,9510,7066,3514,0.4973110670818002,3,3170.0,1171.3333333333333,2026_actual,1500,1171.3333333333333,,,,,False,0.7809,GREEN,False
3,20260603,풍납1동제3투,서울특별시,송파구,풍납1동,"솔바람복지센터(1층, 해마루실)",서울특별시 송파구 풍성로5길 16 (풍납동),1층,2026,풍납1동제3투,9510,7066,3514,0.4973110670818002,3,3170.0,1171.3333333333333,2026_actual,1500,1171.3333333333333,,,,,False,0.7809,GREEN,False
4,20260603,풍납2동제1투,서울특별시,송파구,풍납2동,"풍납종합사회복지관(지하1층, 강당)",서울특별시 송파구 강동대로3길 5 (풍납동),지하,2026,풍납2동제1투,18706,14392,7652,0.5316842690383546,6,3117.6666666666665,1275.3333333333333,2026_actual,1500,1275.3333333333333,,,,,False,0.8502,GREEN,False
5,20260603,풍납2동제2투,서울특별시,송파구,풍납2동,"풍납2동주민센터(지하1층, 다목적실)",서울특별시 송파구 토성로 52 (풍납동),지하,2026,풍납2동제2투,18706,14392,7652,0.5316842690383546,6,3117.6666666666665,1275.3333333333333,2026_actual,1500,1275.3333333333333,,,,,False,0.8502,GREEN,False
6,20260603,풍납2동제3투,서울특별시,송파구,풍납2동,"영파여자고등학교(1층, 보건교육실)",서울특별시 송파구 올림픽로 565 (풍납동),1층,2026,풍납2동제3투,18706,14392,7652,0.5316842690383546,6,3117.6666666666665,1275.3333333333333,2026_actual,1500,1275.3333333333333,,,,,False,0.8502,GREEN,False
7,20260603,풍납2동제4투,서울특별시,송파구,풍납2동,"토성초등학교(2층, 체육관)",서울특별시 송파구 풍성로20길 44 (풍납동),2층,2026,풍납2동제4투,18706,14392,7652,0.5316842690383546,6,3117.6666666666665,1275.3333333333333,2026_actual,1500,1275.3333333333333,,,,,False,0.8502,GREEN,False
8,20260603,풍납2동제5투,서울특별시,송파구,풍납2동,"풍납2동자치회관(1층, 프로그램실)",서울특별시 송파구 풍성로 28 (풍납동),1층,2026,풍납2동제5투,18706,14392,7652,0.5316842690383546,6,3117.6666666666665,1275.3333333333333,2026_actual,1500,1275.3333333333333,,,,,False,0.8502,GREEN,False
9,20260603,풍납2동제6투,서울특별시,송파구,풍납2동,"토성초등학교(2층, 체육관)",서울특별시 송파구 풍성로20길 44 (풍납동),2층,2026,풍납2동제6투,18706,14392,7652,0.5316842690383546,6,3117.6666666666665,1275.3333333333333,2026_actual,1500,1275.3333333333333,,,,,False,0.8502,GREEN,False
10,20260603,거여1동제1투,서울특별시,송파구,거여1동,"거여1동주민센터(1층, 민원실)",서울특별시 송파구 오금로53길 32 (거여동),1층,2026,거여1동제1투,9896,7989,4159,0.5205908123670047,3,3298.6666666666665,1386.3333333333333,2026_actual,1600,1386.3333333333333,,,,,False,0.8665,GREEN,False
11,20260603,거여1동제2투,서울특별시,송파구,거여1동,"서울영풍초등학교(1층, 꿈빛터)",서울특별시 송파구 오금로57길 15 (거여동),1층,2026,거여1동제2투,9896,7989,4159,0.5205908123670047,3,3298.6666666666665,1386.3333333333333,2026_actual,1600,1386.3333333333333,,,,,False,0.8665,GREEN,False
12,20260603,거여1동제3투,서울특별시,송파구,거여1동,"서울인공지능고등학교(1층, 회의실 및 학부모회 회의실)",서울특별시 송파구 양산로 21 (거여동),1층,2026,거여1동제3투,9896,7989,4159,0.5205908123670047,3,3298.6666666666665,1386.3333333333333,2026_actual,1600,1386.3333333333333,,,,,False,0.8665,GREEN,False
13,20260603,거여2동제1투,서울특별시,송파구,거여2동,"거여2동주민센터(3층, 강당)",서울특별시 송파구 거마로2길 19 (거여동),3층이상,2026,거여2동제1투,18471,15049,8739,0.5807030367466277,5,3694.2,1747.8,2026_actual,1800,1747.8,,,,,False,0.971,YELLOW,False
14,20260603,거여2동제2투,서울특별시,송파구,거여2동,"신아원(1층, 소망관 작업A실)",서울특별시 송파구 양산로8길 17 (거여동),1층,2026,거여2동제2투,18471,15049,8739,0.5807030367466277,5,3694.2,1747.8,2026_actual,1800,1747.8,,,,,False,0.971,YELLOW,False
15,20260603,거여2동제3투,서울특별시,송파구,거여2동,"거여2단지아파트 관리사무소(1층, 회의실)",서울특별시 송파구 양산로8길 24 (거여동),1층,2026,거여2동제3투,18471,15049,8739,0.5807030367466277,5,3694.2,1747.8,2026_actual,1800,1747.8,,,,,False,0.971,YELLOW,False
16,20260603,거여2동제4투,서울특별시,송파구,거여2동,"거원초등학교(본관 1층, 연수실)",서울특별시 송파구 양산로2길 26 (거여동),1층,2026,거여2동제4투,18471,15049,8739,0.5807030367466277,5,3694.2,1747.8,2026_actual,1800,1747.8,,,,,False,0.971,YELLOW,False
17,20260603,거여2동제5투,서울특별시,송파구,거여2동,"송파시그니처롯데캐슬아파트 캐슬리안센터(지하2층, 프로그램1,2실)","서울특별시 송파구 거마로 56 (거여동, 송파시그니처롯데캐슬)",지하,2026,거여2동제5투,18471,15049,8739,0.5807030367466277,5,3694.2,1747.8,2026_actual,1800,1747.8,,,,,False,0.971,YELLOW,False
18,20260603,마천1동제1투,서울특별시,송파구,마천1동,"마천1동주민센터(지하1층, 탁구장)",서울특별시 송파구 마천로 303 (마천동),지하,2026,마천1동제1투,12784,10581,5523,0.5219733484547774,5,2556.8,1104.6,2026_actual,1200,1104.6,,,,,False,0.9205,YELLOW,False
19,20260603,마천1동제2투,서울특별시,송파구,마천1동,"마천초등학교(서관1층, 연수실)",서울특별시 송파구 마천로61다길 24 (마천동),1층,2026,마천1동제2투,12784,10581,5523,0.5219733484547774,5,2556.8,1104.6,2026_actual,1200,1104.6,,,,,False,0.9205,YELLOW,False
20,20260603,마천1동제3투,서울특별시,송파구,마천1동,"마천청소년센터(1층, 드림스타트)",서울특별시 송파구 성내천로 319 (마천동),1층,2026,마천1동제3투,12784,10581,5523,0.5219733484547774,5,2556.8,1104.6,2026_actual,1200,1104.6,,,,,False,0.9205,YELLOW,False
21,20260603,마천1동제4투,서울특별시,송파구,마천1동,"마천초등학교(본관1층, 연계형 아침돌봄교실)",서울특별시 송파구 마천로61다길 24 (마천동),1층,2026,마천1동제4투,12784,10581,5523,0.5219733484547774,5,2556.8,1104.6,2026_actual,1200,1104.6,,,,,False,0.9205,YELLOW,False
22,20260603,마천1동제5투,서울특별시,송파구,마천1동,송파파크데일 2단지아파트 경로당(1층),서울특별시 송파구 성내천로47길 38 (마천동),1층,2026,마천1동제5투,12784,10581,5523,0.5219733484547774,5,2556.8,1104.6,2026_actual,1200,1104.6,,,,,False,0.9205,YELLOW,False
23,20260603,마천2동제1투,서울특별시,송파구,마천2동,"마천2동주민센터(2층, 강의실)",서울특별시 송파구 마천로 287 (마천동),2층,2026,마천2동제1투,15273,12076,6025,0.49892348459754887,4,3818.25,1506.25,2026_actual,1900,1506.25,,,,,False,0.7928,GREEN,False
24,20260603,마천2동제2투,서울특별시,송파구,마천2동,"서울남천초등학교(1층, 신관 무용실)",서울특별시 송파구 성내천로 207 (마천동),1층,2026,마천2동제2투,15273,12076,6025,0.49892348459754887,4,3818.25,1506.25,2026_actual,1900,1506.25,,,,,False,0.7928,GREEN,False
25,20260603,마천2동제3투,서울특별시,송파구,마천2동,"송파구 평생학습원(2층, 강의실)",서울특별시 송파구 마천로35길 12 (마천동),2층,2026,마천2동제3투,15273,12076,6025,0.49892348459754887,4,3818.25,1506.25,2026_actual,1900,1506.25,,,,,False,0.7928,GREEN,False
26,20260603,마천2동제4투,서울특별시,송파구,마천2동,"서울남천초등학교(서관1층, VR스포츠실)",서울특별시 송파구 성내천로 207 (마천동),1층,2026,마천2동제4투,15273,12076,6025,0.49892348459754887,4,3818.25,1506.25,2026_actual,1900,1506.25,,,,,False,0.7928,GREEN,False
27,20260603,방이1동제1투,서울특별시,송파구,방이1동,"방이1동주민센터(2층, 행복누리방)",서울특별시 송파구 위례성대로16길 22 (방이동),2층,2026,방이1동제1투,12181,9651,5424,0.5620142990363692,3,4060.3333333333335,1808.0,2026_actual,2000,1808.0,,,,,False,0.904,YELLOW,False
28,20260603,방이1동제2투,서울특별시,송파구,방이1동,"방이초등학교(2층, 오름교육관)",서울특별시 송파구 위례성대로10길 4 (방이동),2층,2026,방이1동제2투,12181,9651,5424,0.5620142990363692,3,4060.3333333333335,1808.0,2026_actual,2000,1808.0,,,,,False,0.904,YELLOW,False
29,20260603,방이1동제3투,서울특별시,송파구,방이1동,"방산중학교(1층, 꿈누리관)",서울특별시 송파구 오금로29길 31 (방이동),1층,2026,방이1동제3투,12181,9651,5424,0.5620142990363692,3,4060.3333333333335,1808.0,2026_actual,2000,1808.0,,,,,False,0.904,YELLOW,False
30,20260603,방이2동제1투,서울특별시,송파구,방이2동,"방이2동주민센터(2층, 회의실)","서울특별시 송파구 올림픽로34길 5-13 (잠실벨솔레, 방이동)",2층,2026,방이2동제1투,22466,19507,9370,0.48034039062900497,6,3744.3333333333335,1561.6666666666667,2026_actual,1800,1561.6666666666667,,,,,False,0.8676,GREEN,False
31,20260603,방이2동제2투,서울특별시,송파구,방이2동,"방이중학교(후관1층, 다목적실)",서울특별시 송파구 오금로11길 64 (방이동),1층,2026,방이2동제2투,22466,19507,9370,0.48034039062900497,6,3744.3333333333335,1561.6666666666667,2026_actual,1800,1561.6666666666667,,,,,False,0.8676,GREEN,False
32,20260603,방이2동제3투,서울특별시,송파구,방이2동,"방이중학교(후관1층, 탁구실)",서울특별시 송파구 오금로11길 64 (방이동),1층,2026,방이2동제3투,22466,19507,9370,0.48034039062900497,6,3744.3333333333335,1561.6666666666667,2026_actual,1800,1561.6666666666667,,,,,False,0.8676,GREEN,False
33,20260603,방이2동제4투,서울특별시,송파구,방이2동,"방이경로당(1층, 할머니방)",서울특별시 송파구 가락로39길 11 (방이동),1층,2026,방이2동제4투,22466,19507,9370,0.48034039062900497,6,3744.3333333333335,1561.6666666666667,2026_actual,1800,1561.6666666666667,,,,,False,0.8676,GREEN,False
34,20260603,방이2동제5투,서울특별시,송파구,방이2동,"서울중앙새마을금고(1층, 방이지점)",서울특별시 송파구 백제고분로 463 (방이동),1층,2026,방이2동제5투,22466,19507,9370,0.48034039062900497,6,3744.3333333333335,1561.6666666666667,2026_actual,1800,1561.6666666666667,,,,,False,0.8676,GREEN,False
35,20260603,방이2동제6투,서울특별시,송파구,방이2동,"방이중학교(후관1층, 동아리실)",서울특별시 송파구 오금로11길 64 (방이동),1층,2026,방이2동제6투,22466,19507,9370,0.48034039062900497,6,3744.3333333333335,1561.6666666666667,2026_actual,1800,1561.6666666666667,,,,,False,0.8676,GREEN,False
36,20260603,오륜동제1투,서울특별시,송파구,오륜동,"오륜동주민센터(2층, 다목적실)",서울특별시 송파구 양재대로 1232 (방이동),2층,2026,오륜동제1투,13639,10790,6645,0.6158480074142725,4,3409.75,1661.25,2026_actual,1700,1661.25,,,,,False,0.9772,YELLOW,False
37,20260603,오륜동제2투,서울특별시,송파구,오륜동,"오륜초등학교(1층, 한울관)",서울특별시 송파구 양재대로 1196 (방이동),1층,2026,오륜동제2투,13639,10790,6645,0.6158480074142725,4,3409.75,1661.25,2026_actual,1700,1661.25,,,,,False,0.9772,YELLOW,False
38,20260603,오륜동제3투,서울특별시,송파구,오륜동,"오륜초등학교(1층, 한울관)",서울특별시 송파구 양재대로 1196 (방이동),1층,2026,오륜동제3투,13639,10790,6645,0.6158480074142725,4,3409.75,1661.25,2026_actual,1700,1661.25,,,,,False,0.9772,YELLOW,False
39,20260603,오륜동제4투,서울특별시,송파구,오륜동,"세륜초등학교(1층, 세륜관)",서울특별시 송파구 양재대로 1264 (방이동),1층,2026,오륜동제4투,13639,10790,6645,0.6158480074142725,4,3409.75,1661.25,2026_actual,1700,1661.25,,,,,False,0.9772,YELLOW,False
40,20260603,오금동제1투,서울특별시,송파구,오금동,"오금동주민센터(2층, 주민사랑방)",서울특별시 송파구 중대로25길 5 (오금동),2층,2026,오금동제1투,29887,25534,14335,0.5614083183206705,8,3735.875,1791.875,2026_actual,1800,1791.875,,,,,False,0.9955,YELLOW,False
41,20260603,오금동제2투,서울특별시,송파구,오금동,"오금초등학교(1층, 돌봄2반 교실)",서울특별시 송파구 위례성대로22길 11 (오금동),1층,2026,오금동제2투,29887,25534,14335,0.5614083183206705,8,3735.875,1791.875,2026_actual,1800,1791.875,,,,,False,0.9955,YELLOW,False
42,20260603,오금동제3투,서울특별시,송파구,오금동,"세륜중학교(1층, 가사실)",서울특별시 송파구 양재대로72길 41 (오금동),1층,2026,오금동제3투,29887,25534,14335,0.5614083183206705,8,3735.875,1791.875,2026_actual,1800,1791.875,,,,,False,0.9955,YELLOW,False
43,20260603,오금동제4투,서울특별시,송파구,오금동,"거여초등학교(1층, 현관로비)",서울특별시 송파구 마천로25길 18 (오금동),1층,2026,오금동제4투,29887,25534,14335,0.5614083183206705,8,3735.875,1791.875,2026_actual,1800,1791.875,,,,,False,0.9955,YELLOW,False
44,20260603,오금동제5투,서울특별시,송파구,오금동,"오주중학교 꿈누리관(1층, 제2음악실)",서울특별시 송파구 동남로 281 (오금동),1층,2026,오금동제5투,29887,25534,14335,0.5614083183206705,8,3735.875,1791.875,2026_actual,1800,1791.875,,,,,False,0.9955,YELLOW,False
45,20260603,오금동제6투,서울특별시,송파구,오금동,"개롱초등학교(1층, 체육관)",서울특별시 송파구 문정로 211 (오금동),1층,2026,오금동제6투,29887,25534,14335,0.5614083183206705,8,3735.875,1791.875,2026_actual,1800,1791.875,,,,,False,0.9955,YELLOW,False
46,20260603,오금동제7투,서울특별시,송파구,오금동,"개롱초등학교(1층, 체육관)",서울특별시 송파구 문정로 211 (오금동),1층,2026,오금동제7투,29887,25534,14335,0.5614083183206705,8,3735.875,1791.875,2026_actual,1800,1791.875,,,,,False,0.9955,YELLOW,False
47,20260603,오금동제8투,서울특별시,송파구,오금동,"송파레미니스1단지아파트(1층, 경로당)","서울특별시 송파구 성내천로 6 (오금동, 송파레미니스)",1층,2026,오금동제8투,29887,25534,14335,0.5614083183206705,8,3735.875,1791.875,2026_actual,1800,1791.875,,,,,False,0.9955,YELLOW,False
48,20260603,송파1동제1투,서울특별시,송파구,송파1동,"송파1동주민센터(3층, 다목적회의실)",서울특별시 송파구 백제고분로 392 (송파동),3층이상,2026,송파1동제1투,19810,15938,7871,0.493851173296524,6,3301.6666666666665,1311.8333333333333,2026_actual,1600,1311.8333333333333,,,,,False,0.8199,GREEN,False
49,20260603,송파1동제2투,서울특별시,송파구,송파1동,"송파여성문화회관(1층, 종합회의실)",서울특별시 송파구 백제고분로42길 5 (송파동),1층,2026,송파1동제2투,19810,15938,7871,0.493851173296524,6,3301.6666666666665,1311.8333333333333,2026_actual,1600,1311.8333333333333,,,,,False,0.8199,GREEN,False
50,20260603,송파1동제3투,서울특별시,송파구,송파1동,"송파초등학교(1층, 보건교육실)",서울특별시 송파구 백제고분로 400 (송파동),1층,2026,송파1동제3투,19810,15938,7871,0.493851173296524,6,3301.6666666666665,1311.8333333333333,2026_actual,1600,1311.8333333333333,,,,,False,0.8199,GREEN,False
51,20260603,송파1동제4투,서울특별시,송파구,송파1동,"송파초등학교(1층, 과학2실)",서울특별시 송파구 백제고분로 400 (송파동),1층,2026,송파1동제4투,19810,15938,7871,0.493851173296524,6,3301.6666666666665,1311.8333333333333,2026_actual,1600,1311.8333333333333,,,,,False,0.8199,GREEN,False
52,20260603,송파1동제5투,서울특별시,송파구,송파1동,"송파초등학교(1층, 직원식당)",서울특별시 송파구 백제고분로 400 (송파동),1층,2026,송파1동제5투,19810,15938,7871,0.493851173296524,6,3301.6666666666665,1311.8333333333333,2026_actual,1600,1311.8333333333333,,,,,False,0.8199,GREEN,False
53,20260603,송파2동제1투,서울특별시,송파구,송파2동,"송파2동주민센터(지하1층, 헬스장)",서울특별시 송파구 송이로 32 (송파동),지하,2026,송파2동제1투,14944,11870,7060,0.594776748104465,4,3736.0,1765.0,2026_actual,1800,1765.0,,,,,False,0.9806,YELLOW,False
54,20260603,송파2동제2투,서울특별시,송파구,송파2동,"중대초등학교(1층, 로비)",서울특별시 송파구 송파대로36길 8 (송파동),1층,2026,송파2동제2투,14944,11870,7060,0.594776748104465,4,3736.0,1765.0,2026_actual,1800,1765.0,,,,,False,0.9806,YELLOW,False
55,20260603,송파2동제3투,서울특별시,송파구,송파2동,"가락중학교(1층, 탁구실)",서울특별시 송파구 송이로 45 (송파동),1층,2026,송파2동제3투,14944,11870,7060,0.594776748104465,4,3736.0,1765.0,2026_actual,1800,1765.0,,,,,False,0.9806,YELLOW,False
56,20260603,송파2동제4투,서울특별시,송파구,송파2동,"송파삼성래미안아파트(1층, 경로당)","서울특별시 송파구 오금로32길 14 (송파동, 송파삼성래미안아파트)",1층,2026,송파2동제4투,14944,11870,7060,0.594776748104465,4,3736.0,1765.0,2026_actual,1800,1765.0,,,,,False,0.9806,YELLOW,False
57,20260603,석촌동제1투,서울특별시,송파구,석촌동,"석촌동주민센터(3층, 주민사랑방)",서울특별시 송파구 백제고분로37길 16 (석촌동),3층이상,2026,석촌동제1투,25661,21316,9845,0.4618596359542128,7,3665.8571428571427,1406.4285714285713,2026_actual,1800,1406.4285714285713,,,,,False,0.7813,GREEN,False
58,20260603,석촌동제2투,서울특별시,송파구,석촌동,"석촌초등학교(1층, 체육관 멀티미디어실 앞 복도)",서울특별시 송파구 가락로11길 26 (석촌동),1층,2026,석촌동제2투,25661,21316,9845,0.4618596359542128,7,3665.8571428571427,1406.4285714285713,2026_actual,1800,1406.4285714285713,,,,,False,0.7813,GREEN,False
59,20260603,석촌동제3투,서울특별시,송파구,석촌동,"석촌초등학교(1층, 체육관 Performance Zone교실)",서울특별시 송파구 가락로11길 26 (석촌동),1층,2026,석촌동제3투,25661,21316,9845,0.4618596359542128,7,3665.8571428571427,1406.4285714285713,2026_actual,1800,1406.4285714285713,,,,,False,0.7813,GREEN,False
60,20260603,석촌동제4투,서울특별시,송파구,석촌동,"돌마리경로당(1층, 할아버지방)",서울특별시 송파구 가락로7길 4 (석촌동),1층,2026,석촌동제4투,25661,21316,9845,0.4618596359542128,7,3665.8571428571427,1406.4285714285713,2026_actual,1800,1406.4285714285713,,,,,False,0.7813,GREEN,False
61,20260603,석촌동제5투,서울특별시,송파구,석촌동,"석촌초등학교(1층, 체육관 English Class 교실)",서울특별시 송파구 가락로11길 26 (석촌동),1층,2026,석촌동제5투,25661,21316,9845,0.4618596359542128,7,3665.8571428571427,1406.4285714285713,2026_actual,1800,1406.4285714285713,,,,,False,0.7813,GREEN,False
62,20260603,석촌동제6투,서울특별시,송파구,석촌동,"석촌경로당(1층, 할아버지방)",서울특별시 송파구 백제고분로40길 13-16 (석촌동),1층,2026,석촌동제6투,25661,21316,9845,0.4618596359542128,7,3665.8571428571427,1406.4285714285713,2026_actual,1800,1406.4285714285713,,,,,False,0.7813,GREEN,False
63,20260603,석촌동제7투,서울특별시,송파구,석촌동,"석촌동주민센터(4층, 다목적실)",서울특별시 송파구 백제고분로37길 16 (석촌동),3층이상,2026,석촌동제7투,25661,21316,9845,0.4618596359542128,7,3665.8571428571427,1406.4285714285713,2026_actual,1800,1406.4285714285713,,,,,False,0.7813,GREEN,False
64,20260603,삼전동제1투,서울특별시,송파구,삼전동,"삼전동주민센터(2층, 다목적실)",서울특별시 송파구 백제고분로 236 (삼전동),2층,2026,삼전동제1투,24468,20113,9357,0.4652214985332869,7,3495.4285714285716,1336.7142857142858,2026_actual,1700,1336.7142857142858,,,,,False,0.7863,GREEN,False
65,20260603,삼전동제2투,서울특별시,송파구,삼전동,"송파문화예술회관(2층, 강당)",서울특별시 송파구 백제고분로 242 (삼전동),2층,2026,삼전동제2투,24468,20113,9357,0.4652214985332869,7,3495.4285714285716,1336.7142857142858,2026_actual,1700,1336.7142857142858,,,,,False,0.7863,GREEN,False
66,20260603,삼전동제3투,서울특별시,송파구,삼전동,"서울시각장애인복지관(1층, 휴게실)",서울특별시 송파구 삼학사로19길 27 (삼전동),1층,2026,삼전동제3투,24468,20113,9357,0.4652214985332869,7,3495.4285714285716,1336.7142857142858,2026_actual,1700,1336.7142857142858,,,,,False,0.7863,GREEN,False
67,20260603,삼전동제4투,서울특별시,송파구,삼전동,"송파문화예술회관(1층, 로비)",서울특별시 송파구 백제고분로 242 (삼전동),1층,2026,삼전동제4투,24468,20113,9357,0.4652214985332869,7,3495.4285714285716,1336.7142857142858,2026_actual,1700,1336.7142857142858,,,,,False,0.7863,GREEN,False
68,20260603,삼전동제5투,서울특별시,송파구,삼전동,"송파노인종합복지관(1층, 경로식당)",서울특별시 송파구 백제고분로32길 41 (삼전동),1층,2026,삼전동제5투,24468,20113,9357,0.4652214985332869,7,3495.4285714285716,1336.7142857142858,2026_actual,1700,1336.7142857142858,,,,,False,0.7863,GREEN,False
69,20260603,삼전동제6투,서울특별시,송파구,삼전동,"서울삼전초등학교(1층, 회의실)",서울특별시 송파구 백제고분로28길 19 (삼전동),1층,2026,삼전동제6투,24468,20113,9357,0.4652214985332869,7,3495.4285714285716,1336.7142857142858,2026_actual,1700,1336.7142857142858,,,,,False,0.7863,GREEN,False
70,20260603,삼전동제7투,서울특별시,송파구,삼전동,"서울삼전초등학교(1층, 소강당)",서울특별시 송파구 백제고분로28길 19 (삼전동),1층,2026,삼전동제7투,24468,20113,9357,0.4652214985332869,7,3495.4285714285716,1336.7142857142858,2026_actual,1700,1336.7142857142858,,,,,False,0.7863,GREEN,False
71,20260603,가락본동제1투,서울특별시,송파구,가락본동,"가락본동주민센터(1층, 민원실)",서울특별시 송파구 송파대로28길 39 (가락동),1층,2026,가락본동제1투,19683,16443,8577,0.5216201423097975,6,3280.5,1429.5,2026_actual,1600,1429.5,,,,,False,0.8934,GREEN,False
72,20260603,가락본동제2투,서울특별시,송파구,가락본동,"석촌중학교(1층, 체육관)",서울특별시 송파구 송이로15길 13 (가락동),1층,2026,가락본동제2투,19683,16443,8577,0.5216201423097975,6,3280.5,1429.5,2026_actual,1600,1429.5,,,,,False,0.8934,GREEN,False
73,20260603,가락본동제3투,서울특별시,송파구,가락본동,"석촌중학교(1층, 체육관)",서울특별시 송파구 송이로15길 13 (가락동),1층,2026,가락본동제3투,19683,16443,8577,0.5216201423097975,6,3280.5,1429.5,2026_actual,1600,1429.5,,,,,False,0.8934,GREEN,False
74,20260603,가락본동제4투,서울특별시,송파구,가락본동,"신가초등학교(2층, 다목적강당)",서울특별시 송파구 송이로 75 (가락동),2층,2026,가락본동제4투,19683,16443,8577,0.5216201423097975,6,3280.5,1429.5,2026_actual,1600,1429.5,,,,,False,0.8934,GREEN,False
75,20260603,가락본동제5투,서울특별시,송파구,가락본동,"가원중학교(1층, 문화관)",서울특별시 송파구 중대로10길 40-18 (가락동),1층,2026,가락본동제5투,19683,16443,8577,0.5216201423097975,6,3280.5,1429.5,2026_actual,1600,1429.5,,,,,False,0.8934,GREEN,False
76,20260603,가락본동제6투,서울특별시,송파구,가락본동,"신가초등학교(2층, 다목적강당)",서울특별시 송파구 송이로 75 (가락동),2층,2026,가락본동제6투,19683,16443,8577,0.5216201423097975,6,3280.5,1429.5,2026_actual,1600,1429.5,,,,,False,0.8934,GREEN,False
77,20260603,가락1동제1투,서울특별시,송파구,가락1동,"가락1동주민센터(3층, 다목적실)",서울특별시 송파구 양재대로 925 (가락동),3층이상,2026,가락1동제1투,20534,16498,10130,0.6140138198569524,5,4106.8,2026.0,2026_actual,2000,2026.0,,,,,False,1.013,YELLOW,False
78,20260603,가락1동제2투,서울특별시,송파구,가락1동,"해누리중학교(1층, 3-3반 교실)",서울특별시 송파구 송파대로37길 95 (가락동),1층,2026,가락1동제2투,20534,16498,10130,0.6140138198569524,5,4106.8,2026.0,2026_actual,2000,2026.0,,,,,False,1.013,YELLOW,False
79,20260603,가락1동제3투,서울특별시,송파구,가락1동,"서울해누리초등학교(1층, 무용실)",서울특별시 송파구 송파대로37길 95 (가락동),1층,2026,가락1동제3투,20534,16498,10130,0.6140138198569524,5,4106.8,2026.0,2026_actual,2000,2026.0,,,,,False,1.013,YELLOW,False
80,20260603,가락1동제4투,서울특별시,송파구,가락1동,"송파책박물관(1층, 키즈스튜디오)",서울특별시 송파구 송파대로37길 77 (가락동),1층,2026,가락1동제4투,20534,16498,10130,0.6140138198569524,5,4106.8,2026.0,2026_actual,2000,2026.0,,,,,False,1.013,YELLOW,False
81,20260603,가락1동제5투,서울특별시,송파구,가락1동,"서울가락초등학교(1층, 교과실1)",서울특별시 송파구 송파대로37길 45 (가락동),1층,2026,가락1동제5투,20534,16498,10130,0.6140138198569524,5,4106.8,2026.0,2026_actual,2000,2026.0,,,,,False,1.013,YELLOW,False
82,20260603,가락2동제1투,서울특별시,송파구,가락2동,"가락2동주민센터(2층, 다목적방)",서울특별시 송파구 중대로20길 6 (가락동),2층,2026,가락2동제1투,21995,18886,10818,0.5728052525680398,7,3142.1428571428573,1545.4285714285713,2026_actual,1500,1545.4285714285713,,,,,False,1.0303,YELLOW,False
83,20260603,가락2동제2투,서울특별시,송파구,가락2동,"가주초등학교(2층, 체육관)",서울특별시 송파구 오금로40길 37 (가락동),2층,2026,가락2동제2투,21995,18886,10818,0.5728052525680398,7,3142.1428571428573,1545.4285714285713,2026_actual,1500,1545.4285714285713,,,,,False,1.0303,YELLOW,False
84,20260603,가락2동제3투,서울특별시,송파구,가락2동,"쌍용아파트관리사무소(1층, 북카페·경로당)",서울특별시 송파구 동남로 193 (가락동),1층,2026,가락2동제3투,21995,18886,10818,0.5728052525680398,7,3142.1428571428573,1545.4285714285713,2026_actual,1500,1545.4285714285713,가락2동 제3투표소,True,,https://amp.seoul.co.kr/news/politics/local-election2026/2026/06/03/20260603500165?cp=seoul&wlog_tag4=mo_rel_3,True,1.0303,RED,True
85,20260603,가락2동제4투,서울특별시,송파구,가락2동,"가동초등학교(2층, 체육관)",서울특별시 송파구 중대로20길 47 (가락동),2층,2026,가락2동제4투,21995,18886,10818,0.5728052525680398,7,3142.1428571428573,1545.4285714285713,2026_actual,1500,1545.4285714285713,,,,,False,1.0303,YELLOW,False
86,20260603,가락2동제5투,서울특별시,송파구,가락2동,"송파중학교(1층, 어울관)",서울특별시 송파구 동남로 203 (가락동),1층,2026,가락2동제5투,21995,18886,10818,0.5728052525680398,7,3142.1428571428573,1545.4285714285713,2026_actual,1500,1545.4285714285713,,,,,False,1.0303,YELLOW,False
87,20260603,가락2동제6투,서울특별시,송파구,가락2동,"가동초등학교(2층, 체육관)",서울특별시 송파구 중대로20길 47 (가락동),2층,2026,가락2동제6투,21995,18886,10818,0.5728052525680398,7,3142.1428571428573,1545.4285714285713,2026_actual,1500,1545.4285714285713,,,,,False,1.0303,YELLOW,False
88,20260603,가락2동제7투,서울특별시,송파구,가락2동,"삼환가락아파트(1층, 경로당)",서울특별시 송파구 오금로 432 (가락동),1층,2026,가락2동제7투,21995,18886,10818,0.5728052525680398,7,3142.1428571428573,1545.4285714285713,2026_actual,1500,1545.4285714285713,가락2동 제7투표소,True,,https://amp.seoul.co.kr/news/politics/local-election2026/2026/06/03/20260603500165?cp=seoul&wlog_tag4=mo_rel_3,True,1.0303,RED,True
89,20260603,문정1동제1투,서울특별시,송파구,문정1동,"문정1동주민센터(1층, 민원실)",서울특별시 송파구 동남로 116 (문정동),1층,2026,문정1동제1투,16280,13444,7223,0.5372656947337102,4,4070.0,1805.75,2026_actual,2000,1805.75,,,,,False,0.9029,YELLOW,False
90,20260603,문정1동제2투,서울특별시,송파구,문정1동,"문정초등학교(1층, 시청각실)",서울특별시 송파구 문정로5길 20 (문정동),1층,2026,문정1동제2투,16280,13444,7223,0.5372656947337102,4,4070.0,1805.75,2026_actual,2000,1805.75,,,,,False,0.9029,YELLOW,False
91,20260603,문정1동제3투,서울특별시,송파구,문정1동,"문정중학교 교육정보관동(1층, 멀티미디어실)",서울특별시 송파구 문정로 73 (문정동),1층,2026,문정1동제3투,16280,13444,7223,0.5372656947337102,4,4070.0,1805.75,2026_actual,2000,1805.75,,,,,False,0.9029,YELLOW,False
92,20260603,문정1동제4투,서울특별시,송파구,문정1동,"문정래미안아파트 관리동(1층, 주민편의시설)",서울특별시 송파구 문정로 83 (문정동),1층,2026,문정1동제4투,16280,13444,7223,0.5372656947337102,4,4070.0,1805.75,2026_actual,2000,1805.75,문정1동 제4투표소,True,,https://amp.seoul.co.kr/news/politics/local-election2026/2026/06/03/20260603500165?cp=seoul&wlog_tag4=mo_rel_3,True,0.9029,RED,True
93,20260603,문정2동제1투,서울특별시,송파구,문정2동,"송파청소년센터(1층, 로비)",서울특별시 송파구 중대로4길 4 (문정동),1층,2026,문정2동제1투,23559,21294,12269,0.576171691556307,6,3926.5,2044.8333333333333,2026_actual,1900,2044.8333333333333,,,,,False,1.0762,YELLOW,False
94,20260603,문정2동제2투,서울특별시,송파구,문정2동,"올림픽훼밀리타운 관리사무소(1층, 입주자대표회의실)",서울특별시 송파구 중대로 24 (문정동),1층,2026,문정2동제2투,23559,21294,12269,0.576171691556307,6,3926.5,2044.8333333333333,2026_actual,1900,2044.8333333333333,문정2동 제2투표소,True,,https://amp.seoul.co.kr/news/politics/local-election2026/2026/06/03/20260603500165?cp=seoul&wlog_tag4=mo_rel_3,True,1.0762,RED,True
95,20260603,문정2동제3투,서울특별시,송파구,문정2동,"서울가원초등학교(1층, 인성배움터실)",서울특별시 송파구 중대로4길 8 (문정동),1층,2026,문정2동제3투,23559,21294,12269,0.576171691556307,6,3926.5,2044.8333333333333,2026_actual,1900,2044.8333333333333,,,,,False,1.0762,YELLOW,False
96,20260603,문정2동제4투,서울특별시,송파구,문정2동,"송파아이파크(E존 지하1층, 북카페)",서울특별시 송파구 법원로 55 (문정동),지하,2026,문정2동제4투,23559,21294,12269,0.576171691556307,6,3926.5,2044.8333333333333,2026_actual,1900,2044.8333333333333,,,,,False,1.0762,YELLOW,False
97,20260603,문정2동제5투,서울특별시,송파구,문정2동,"송파파크하비오오피스텔 북카페(202동2층, 관리사무소앞)",서울특별시 송파구 송파대로 111 (문정동),2층,2026,문정2동제5투,23559,21294,12269,0.576171691556307,6,3926.5,2044.8333333333333,2026_actual,1900,2044.8333333333333,,,,,False,1.0762,YELLOW,False
98,20260603,문정2동제6투,서울특별시,송파구,문정2동,"호텔 파크하비오(1층, 로비)","서울특별시 송파구 송파대로 111 (문정동, 파크하비오)",1층,2026,문정2동제6투,23559,21294,12269,0.576171691556307,6,3926.5,2044.8333333333333,2026_actual,1900,2044.8333333333333,,,,,False,1.0762,YELLOW,False
99,20260603,장지동제1투,서울특별시,송파구,장지동,"장지동주민센터(1층, 주민사랑방)",서울특별시 송파구 송이로31길 10 (문정동),1층,2026,장지동제1투,24762,20258,11558,0.5705400335669859,7,3537.4285714285716,1651.142857142857,2026_actual,1700,1651.142857142857,,,,,False,0.9713,YELLOW,False
100,20260603,장지동제2투,서울특별시,송파구,장지동,"문정고등학교(1층, 창의관 문정홀)",서울특별시 송파구 송이로34길 62 (문정동),1층,2026,장지동제2투,24762,20258,11558,0.5705400335669859,7,3537.4285714285716,1651.142857142857,2026_actual,1700,1651.142857142857,,,,,False,0.9713,YELLOW,False
101,20260603,장지동제3투,서울특별시,송파구,장지동,"문덕초등학교(2층, 다목적강당)",서울특별시 송파구 송이로34길 60 (문정동),2층,2026,장지동제3투,24762,20258,11558,0.5705400335669859,7,3537.4285714285716,1651.142857142857,2026_actual,1700,1651.142857142857,,,,,False,0.9713,YELLOW,False
102,20260603,장지동제4투,서울특별시,송파구,장지동,"문정시영아파트 상가(2층, 경로당 할머니방)",서울특별시 송파구 송이로31길 52 (문정동),2층,2026,장지동제4투,24762,20258,11558,0.5705400335669859,7,3537.4285714285716,1651.142857142857,2026_actual,1700,1651.142857142857,,,,,False,0.9713,YELLOW,False
103,20260603,장지동제5투,서울특별시,송파구,장지동,"문현중학교(1층, 중앙현관 로비)",서울특별시 송파구 충민로 99 (장지동),1층,2026,장지동제5투,24762,20258,11558,0.5705400335669859,7,3537.4285714285716,1651.142857142857,2026_actual,1700,1651.142857142857,,,,,False,0.9713,YELLOW,False
104,20260603,장지동제6투,서울특별시,송파구,장지동,"문현고등학교(2층, 체육관)",서울특별시 송파구 충민로 115 (장지동),2층,2026,장지동제6투,24762,20258,11558,0.5705400335669859,7,3537.4285714285716,1651.142857142857,2026_actual,1700,1651.142857142857,,,,,False,0.9713,YELLOW,False
105,20260603,장지동제7투,서울특별시,송파구,장지동,"문현초등학교(1층, 1-1반)",서울특별시 송파구 충민로 137 (장지동),1층,2026,장지동제7투,24762,20258,11558,0.5705400335669859,7,3537.4285714285716,1651.142857142857,2026_actual,1700,1651.142857142857,,,,,False,0.9713,YELLOW,False
106,20260603,잠실본동제1투,서울특별시,송파구,잠실본동,"잠실본동주민센터(5층, 다목적실)",서울특별시 송파구 백제고분로 145 (잠실동),3층이상,2026,잠실본동제1투,23310,19184,8686,0.45277314428690574,6,3885.0,1447.6666666666667,2026_actual,1900,1447.6666666666667,,,,,False,0.7619,GREEN,False
107,20260603,잠실본동제2투,서울특별시,송파구,잠실본동,"잠실본동주민센터(4층, 주민공유공간)",서울특별시 송파구 백제고분로 145 (잠실동),3층이상,2026,잠실본동제2투,23310,19184,8686,0.45277314428690574,6,3885.0,1447.6666666666667,2026_actual,1900,1447.6666666666667,,,,,False,0.7619,GREEN,False
108,20260603,잠실본동제3투,서울특별시,송파구,잠실본동,"잠전초등학교(1층, 다목적실)",서울특별시 송파구 올림픽로12길 51 (잠실동),1층,2026,잠실본동제3투,23310,19184,8686,0.45277314428690574,6,3885.0,1447.6666666666667,2026_actual,1900,1447.6666666666667,,,,,False,0.7619,GREEN,False
109,20260603,잠실본동제4투,서울특별시,송파구,잠실본동,"잠전초등학교(1층, 체육관)",서울특별시 송파구 올림픽로12길 51 (잠실동),1층,2026,잠실본동제4투,23310,19184,8686,0.45277314428690574,6,3885.0,1447.6666666666667,2026_actual,1900,1447.6666666666667,,,,,False,0.7619,GREEN,False
110,20260603,잠실본동제5투,서울특별시,송파구,잠실본동,"잠전초등학교(1층, 체육관)",서울특별시 송파구 올림픽로12길 51 (잠실동),1층,2026,잠실본동제5투,23310,19184,8686,0.45277314428690574,6,3885.0,1447.6666666666667,2026_actual,1900,1447.6666666666667,,,,,False,0.7619,GREEN,False
111,20260603,잠실본동제6투,서울특별시,송파구,잠실본동,"잠전초등학교(1층, 체육관)",서울특별시 송파구 올림픽로12길 51 (잠실동),1층,2026,잠실본동제6투,23310,19184,8686,0.45277314428690574,6,3885.0,1447.6666666666667,2026_actual,1900,1447.6666666666667,,,,,False,0.7619,GREEN,False
112,20260603,잠실2동제1투,서울특별시,송파구,잠실2동,"잠실2동주민센터(3층, 다목적실)",서울특별시 송파구 올림픽로 159 (잠실동),3층이상,2026,잠실2동제1투,25382,21036,12813,0.6090986879634912,7,3626.0,1830.4285714285713,2026_actual,1800,1830.4285714285713,,,,,False,1.0169,YELLOW,False
113,20260603,잠실2동제2투,서울특별시,송파구,잠실2동,"잠신중학교(1층, 미술1실)",서울특별시 송파구 잠실로 12 (잠실동),1층,2026,잠실2동제2투,25382,21036,12813,0.6090986879634912,7,3626.0,1830.4285714285713,2026_actual,1800,1830.4285714285713,,,,,False,1.0169,YELLOW,False
114,20260603,잠실2동제3투,서울특별시,송파구,잠실2동,"잠신초등학교(1층, 현관로비)",서울특별시 송파구 잠실로 32 (잠실동),1층,2026,잠실2동제3투,25382,21036,12813,0.6090986879634912,7,3626.0,1830.4285714285713,2026_actual,1800,1830.4285714285713,,,,,False,1.0169,YELLOW,False
115,20260603,잠실2동제4투,서울특별시,송파구,잠실2동,"잠신고등학교(1층, 삼정관 다모임방)",서울특별시 송파구 잠실로 24 (잠실동),1층,2026,잠실2동제4투,25382,21036,12813,0.6090986879634912,7,3626.0,1830.4285714285713,2026_actual,1800,1830.4285714285713,,,,,False,1.0169,YELLOW,False
116,20260603,잠실2동제5투,서울특별시,송파구,잠실2동,"잠일초등학교(1층, 현관로비A)",서울특별시 송파구 올림픽로 95 (잠실동),1층,2026,잠실2동제5투,25382,21036,12813,0.6090986879634912,7,3626.0,1830.4285714285713,2026_actual,1800,1830.4285714285713,,,,,False,1.0169,YELLOW,False
117,20260603,잠실2동제6투,서울특별시,송파구,잠실2동,"잠일초등학교(1층, 현관로비B)",서울특별시 송파구 올림픽로 95 (잠실동),1층,2026,잠실2동제6투,25382,21036,12813,0.6090986879634912,7,3626.0,1830.4285714285713,2026_actual,1800,1830.4285714285713,잠실2동 제6투표소,True,,https://www.fnnews.com/news/202606040629007170,True,1.0169,RED,True
118,20260603,잠실2동제7투,서울특별시,송파구,잠실2동,"신천중학교(1층, 음악실)",서울특별시 송파구 백제고분로 11 (잠실동),1층,2026,잠실2동제7투,25382,21036,12813,0.6090986879634912,7,3626.0,1830.4285714285713,2026_actual,1800,1830.4285714285713,,,,,False,1.0169,YELLOW,False
119,20260603,잠실3동제1투,서울특별시,송파구,잠실3동,"잠실3동주민센터(2층, 다목적실)",서울특별시 송파구 잠실로 51-31 (잠실동),2층,2026,잠실3동제1투,25010,22175,14182,0.6395490417136415,8,3126.25,1772.75,2026_actual,1500,1772.75,,,,,False,1.1818,ORANGE,False
120,20260603,잠실3동제2투,서울특별시,송파구,잠실3동,"신천초등학교(1층, 제2과학실험실)",서울특별시 송파구 올림픽로 215 (잠실동),1층,2026,잠실3동제2투,25010,22175,14182,0.6395490417136415,8,3126.25,1772.75,2026_actual,1500,1772.75,,,,,False,1.1818,ORANGE,False
121,20260603,잠실3동제3투,서울특별시,송파구,잠실3동,잠실5단지 경로당(1층),서울특별시 송파구 송파대로 567 (잠실동),1층,2026,잠실3동제3투,25010,22175,14182,0.6395490417136415,8,3126.25,1772.75,2026_actual,1500,1772.75,,,,,False,1.1818,ORANGE,False
122,20260603,잠실3동제4투,서울특별시,송파구,잠실3동,"갤러리아팰리스 A동(1층, 연회실)",서울특별시 송파구 올림픽로 212 (잠실동),1층,2026,잠실3동제4투,25010,22175,14182,0.6395490417136415,8,3126.25,1772.75,2026_actual,1500,1772.75,,,,,False,1.1818,ORANGE,False
123,20260603,잠실3동제5투,서울특별시,송파구,잠실3동,"송전초등학교(1층, 로비)",서울특별시 송파구 석촌호수로 159 (잠실동),1층,2026,잠실3동제5투,25010,22175,14182,0.6395490417136415,8,3126.25,1772.75,2026_actual,1500,1772.75,,,,,False,1.1818,ORANGE,False
124,20260603,잠실3동제6투,서울특별시,송파구,잠실3동,"레이크팰리스 생활지원센터(1층, 경로당)",서울특별시 송파구 잠실로 88 (잠실동),1층,2026,잠실3동제6투,25010,22175,14182,0.6395490417136415,8,3126.25,1772.75,2026_actual,1500,1772.75,,,,,False,1.1818,ORANGE,False
125,20260603,잠실3동제7투,서울특별시,송파구,잠실3동,"버들초등학교(1층, 로비)",서울특별시 송파구 석촌호수로 81 (잠실동),1층,2026,잠실3동제7투,25010,22175,14182,0.6395490417136415,8,3126.25,1772.75,2026_actual,1500,1772.75,,,,,False,1.1818,ORANGE,False
126,20260603,잠실3동제8투,서울특별시,송파구,잠실3동,"트리지움 생활지원센터(1층, 경로당)",서울특별시 송파구 잠실로 62 (잠실동),1층,2026,잠실3동제8투,25010,22175,14182,0.6395490417136415,8,3126.25,1772.75,2026_actual,1500,1772.75,,,,,False,1.1818,ORANGE,False
127,20260603,잠실4동제1투,서울특별시,송파구,잠실4동,"잠실4동주민센터(3층, 다목적실)",서울특별시 송파구 올림픽로35길 16 (신천동),3층이상,2026,잠실4동제1투,23735,19608,12652,0.6452468380252958,4,5933.75,3163.0,2026_actual,2900,3163.0,,,,,False,1.0907,YELLOW,False
128,20260603,잠실4동제2투,서울특별시,송파구,잠실4동,"잠실초등학교(1층, 해오름관 로비)",서울특별시 송파구 올림픽로35길 20 (신천동),1층,2026,잠실4동제2투,23735,19608,12652,0.6452468380252958,4,5933.75,3163.0,2026_actual,2900,3163.0,,,,,False,1.0907,YELLOW,False
129,20260603,잠실4동제3투,서울특별시,송파구,잠실4동,"잠실고등학교(1층, 본관 로비)",서울특별시 송파구 올림픽로33길 71 (신천동),1층,2026,잠실4동제3투,23735,19608,12652,0.6452468380252958,4,5933.75,3163.0,2026_actual,2900,3163.0,,,,,False,1.0907,YELLOW,False
130,20260603,잠실4동제4투,서울특별시,송파구,잠실4동,"잠현초등학교(1층, 본관로비)",서울특별시 송파구 올림픽로37길 109 (신천동),1층,2026,잠실4동제4투,23735,19608,12652,0.6452468380252958,4,5933.75,3163.0,2026_actual,2900,3163.0,,,,,False,1.0907,YELLOW,False
131,20260603,잠실4동제5투,서울특별시,송파구,잠실4동,"잠실래미안아이파크 아파트 103동(2층, 공공개방시설 나눔센터)",서울특별시 송파구 올림픽로 393 (신천동),2층,2026,잠실4동제5투,23735,19608,12652,0.6452468380252958,4,5933.75,3163.0,2026_actual,2900,3163.0,잠실4동 제5투표소,True,True,https://www.donga.com/news/Politics/article/all/20260603/134042934/1?gid=134043412&regdate=&srev=1,True,1.0907,RED,True
132,20260603,잠실4동제6투,서울특별시,송파구,잠실4동,"잠실래미안아이파크 아파트 104동(2층, 공공개방시설 라운지)",서울특별시 송파구 올림픽로 393 (신천동),2층,2026,잠실4동제6투,23735,19608,12652,0.6452468380252958,4,5933.75,3163.0,2026_actual,2900,3163.0,,,,,False,1.0907,YELLOW,False
133,20260603,잠실4동제7투,서울특별시,송파구,잠실4동,"잠실르엘 아파트 109동(1층, 공공개방시설 강당)",서울특별시 송파구 올림픽로 333 (신천동),1층,2026,잠실4동제7투,23735,19608,12652,0.6452468380252958,4,5933.75,3163.0,2026_actual,2900,3163.0,,,,,False,1.0907,YELLOW,False
134,20260603,잠실6동제1투,서울특별시,송파구,잠실6동,"잠실6동주민센터(1층, 생활체육교실)",서울특별시 송파구 올림픽로35길 120 (신천동),1층,2026,잠실6동제1투,13031,10078,5995,0.5948600912879539,3,4343.666666666667,1998.3333333333333,2026_actual,2100,1998.3333333333333,,,,,False,0.9516,YELLOW,False
135,20260603,잠실6동제2투,서울특별시,송파구,잠실6동,"잠동초등학교(1층, 대강당)",서울특별시 송파구 올림픽로35길 122 (신천동),1층,2026,잠실6동제2투,13031,10078,5995,0.5948600912879539,3,4343.666666666667,1998.3333333333333,2026_actual,2100,1998.3333333333333,,,,,False,0.9516,YELLOW,False
136,20260603,잠실6동제3투,서울특별시,송파구,잠실6동,"장미아파트 경로당(1층, 충효노인정)",서울특별시 송파구 올림픽로35길 104 (신천동),1층,2026,잠실6동제3투,13031,10078,5995,0.5948600912879539,3,4343.666666666667,1998.3333333333333,2026_actual,2100,1998.3333333333333,,,,,False,0.9516,YELLOW,False
137,20260603,잠실7동제1투,서울특별시,송파구,잠실7동,"송파문화원(1층, 강당)",서울특별시 송파구 올림픽로 44 (잠실동),1층,2026,잠실7동제1투,8019,6418,4164,0.6488002492988469,2,4009.5,2082.0,2026_actual,2000,2082.0,,,,,False,1.041,YELLOW,False
138,20260603,잠실7동제2투,서울특별시,송파구,잠실7동,"우성아파트 경로당(1층, 할아버지방)",서울특별시 송파구 올림픽로4길 42 (잠실동),1층,2026,잠실7동제2투,8019,6418,4164,0.6488002492988469,2,4009.5,2082.0,2026_actual,2000,2082.0,잠실7동 제2투표소,True,,https://www.seoul.co.kr/news/politics/local-election2026/2026/06/03/20260603500194?wlog_tag1=aiMbti_request_pc,True,1.041,RED,True
139,20260603,위례동제1투,서울특별시,송파구,위례동,"위례동주민센터(3층, 다목적실)",서울특별시 송파구 위례광장로 210 (장지동),3층이상,2026,위례동제1투,30760,25949,15419,0.5942040155690007,7,4394.285714285715,2202.714285714286,2026_actual,2100,2202.714285714286,,,,,False,1.0489,YELLOW,False
140,20260603,위례동제2투,서울특별시,송파구,위례동,서울송례초등학교(1층홀),서울특별시 송파구 위례순환로 439 (장지동),1층,2026,위례동제2투,30760,25949,15419,0.5942040155690007,7,4394.285714285715,2202.714285714286,2026_actual,2100,2202.714285714286,,,,,False,1.0489,YELLOW,False
141,20260603,위례동제3투,서울특별시,송파구,위례동,송례중학교(Ace동 1층 홀),서울특별시 송파구 위례순환로 429 (장지동),1층,2026,위례동제3투,30760,25949,15419,0.5942040155690007,7,4394.285714285715,2202.714285714286,2026_actual,2100,2202.714285714286,,,,,False,1.0489,YELLOW,False
142,20260603,위례동제4투,서울특별시,송파구,위례동,서울위례별초등학교(본관1층홀),서울특별시 송파구 위례광장로 243 (장지동),1층,2026,위례동제4투,30760,25949,15419,0.5942040155690007,7,4394.285714285715,2202.714285714286,2026_actual,2100,2202.714285714286,,,,,False,1.0489,YELLOW,False
143,20260603,위례동제5투,서울특별시,송파구,위례동,"위례포레샤인23단지아파트(2313동 1층, 다목적실)","서울특별시 송파구 위례순환로 477 (장지동, 위례포레샤인23단지)",1층,2026,위례동제5투,30760,25949,15419,0.5942040155690007,7,4394.285714285715,2202.714285714286,2026_actual,2100,2202.714285714286,위례동 제5투표소,True,,https://amp.seoul.co.kr/news/politics/local-election2026/2026/06/03/20260603500165?cp=seoul&wlog_tag4=mo_rel_3,True,1.0489,RED,True
144,20260603,위례동제6투,서울특별시,송파구,위례동,"송파레이크파크호반써밋1차아파트(1층, 경로당(실버하우스))","서울특별시 송파구 위례송파로 40 (거여동, 송파 레이크파크 호반써밋 Ⅰ)",1층,2026,위례동제6투,30760,25949,15419,0.5942040155690007,7,4394.285714285715,2202.714285714286,2026_actual,2100,2202.714285714286,,,,,False,1.0489,YELLOW,False
145,20260603,위례동제7투,서울특별시,송파구,위례동,덕수고등학교(1층홀),서울특별시 송파구 위례북로 10 (거여동),1층,2026,위례동제7투,30760,25949,15419,0.5942040155690007,7,4394.285714285715,2202.714285714286,2026_actual,2100,2202.714285714286,,,,,False,1.0489,YELLOW,False
146,20260603,위례동제8투,서울특별시,송파구,위례동,"위례솔중학교(2층, 중앙현관)",서울특별시 송파구 위례북로2길 10 (거여동),2층,2026,위례동제8투,30760,25949,15419,0.5942040155690007,7,4394.285714285715,2202.714285714286,2026_actual,2100,2202.714285714286,,,,,False,1.0489,YELLOW,False
