시도,구시군,선거종류,선거구코드,선거구명,당선인수,경계당선자,경계당선자득표,첫낙선자,첫낙선자득표,당선권경계표차,추가송부투표소수,공개투표소명수,확인된중단수,검토등급,해석제한,출처URL
경상남도,남해군,기초의원,6481601,남해군가선거구,3,여동찬,1872,장행복,1867,5,1,0,0,우선검토,부족 투표소가 해당 선거구에 속하는지는 투표소명 또는 읍면동이 공개된 경우에만 별도 확인 필요,https://info.nec.go.kr/main/showDocument.xhtml?electionId=0020260603&topMenuId=VC&secondMenuId=VCCP08
부산광역시,북구,광역의원,5260801,북구제1선거구,1,강영두,19351,문영남,19325,26,2,0,0,우선검토,부족 투표소가 해당 선거구에 속하는지는 투표소명 또는 읍면동이 공개된 경우에만 별도 확인 필요,https://info.nec.go.kr/main/showDocument.xhtml?electionId=0020260603&topMenuId=VC&secondMenuId=VCCP08
경상남도,함안군,기초의원,6481203,함안군다선거구,4,곽세훈,2552,배재성,2517,35,3,0,0,우선검토,부족 투표소가 해당 선거구에 속하는지는 투표소명 또는 읍면동이 공개된 경우에만 별도 확인 필요,https://info.nec.go.kr/main/showDocument.xhtml?electionId=0020260603&topMenuId=VC&secondMenuId=VCCP08
서울특별시,광진구,기초의원,6110503,광진구다선거구,3,김강산,9151,이정열,9078,73,3,1,0,우선검토,부족 투표소가 해당 선거구에 속하는지는 투표소명 또는 읍면동이 공개된 경우에만 별도 확인 필요,https://info.nec.go.kr/main/showDocument.xhtml?electionId=0020260603&topMenuId=VC&secondMenuId=VCCP08
서울특별시,송파구,기초의원,6112401,송파구가선거구,3,김서윤,8886,윤영한,8784,102,15,8,1,우선검토,부족 투표소가 해당 선거구에 속하는지는 투표소명 또는 읍면동이 공개된 경우에만 별도 확인 필요,https://info.nec.go.kr/main/showDocument.xhtml?electionId=0020260603&topMenuId=VC&secondMenuId=VCCP08
서울특별시,동작구,광역의원,5112003,동작구제3선거구,1,노성철,27818,이수연,27669,149,1,1,0,우선검토,부족 투표소가 해당 선거구에 속하는지는 투표소명 또는 읍면동이 공개된 경우에만 별도 확인 필요,https://info.nec.go.kr/main/showDocument.xhtml?electionId=0020260603&topMenuId=VC&secondMenuId=VCCP08
울산광역시,북구,기초의원,6310403,북구다선거구,3,김지현,4167,손옥선,4011,156,1,0,0,우선검토,부족 투표소가 해당 선거구에 속하는지는 투표소명 또는 읍면동이 공개된 경우에만 별도 확인 필요,https://info.nec.go.kr/main/showDocument.xhtml?electionId=0020260603&topMenuId=VC&secondMenuId=VCCP08
부산광역시,동구,기초의원,6260302,동구나선거구,3,허근형,3258,고창식,3045,213,1,0,0,우선검토,부족 투표소가 해당 선거구에 속하는지는 투표소명 또는 읍면동이 공개된 경우에만 별도 확인 필요,https://info.nec.go.kr/main/showDocument.xhtml?electionId=0020260603&topMenuId=VC&secondMenuId=VCCP08
부산광역시,중구,기초의원,6260102,중구나선거구,3,이인구,1821,강인규,1603,218,1,0,0,우선검토,부족 투표소가 해당 선거구에 속하는지는 투표소명 또는 읍면동이 공개된 경우에만 별도 확인 필요,https://info.nec.go.kr/main/showDocument.xhtml?electionId=0020260603&topMenuId=VC&secondMenuId=VCCP08
인천광역시,연수구,광역의원,5280401,연수구제1선거구,1,정해권,15296,장시춘,15032,264,6,2,2,우선검토,부족 투표소가 해당 선거구에 속하는지는 투표소명 또는 읍면동이 공개된 경우에만 별도 확인 필요,https://info.nec.go.kr/main/showDocument.xhtml?electionId=0020260603&topMenuId=VC&secondMenuId=VCCP08
울산광역시,중구,광역의원,5310104,중구제4선거구,1,강혜순,9528,손명희,9262,266,1,0,0,우선검토,부족 투표소가 해당 선거구에 속하는지는 투표소명 또는 읍면동이 공개된 경우에만 별도 확인 필요,https://info.nec.go.kr/main/showDocument.xhtml?electionId=0020260603&topMenuId=VC&secondMenuId=VCCP08
부산광역시,남구,광역의원,5260703,남구제3선거구,1,성현달,13373,박구슬,13092,281,1,0,0,우선검토,부족 투표소가 해당 선거구에 속하는지는 투표소명 또는 읍면동이 공개된 경우에만 별도 확인 필요,https://info.nec.go.kr/main/showDocument.xhtml?electionId=0020260603&topMenuId=VC&secondMenuId=VCCP08
대구광역시,달서구,기초의원,6270706,달서구바선거구,3,곽병희,6131,김장관,5813,318,2,0,0,우선검토,부족 투표소가 해당 선거구에 속하는지는 투표소명 또는 읍면동이 공개된 경우에만 별도 확인 필요,https://info.nec.go.kr/main/showDocument.xhtml?electionId=0020260603&topMenuId=VC&secondMenuId=VCCP08
대구광역시,남구,기초의원,6270401,남구가선거구,3,함광식,4435,전주현,4060,375,1,0,0,우선검토,부족 투표소가 해당 선거구에 속하는지는 투표소명 또는 읍면동이 공개된 경우에만 별도 확인 필요,https://info.nec.go.kr/main/showDocument.xhtml?electionId=0020260603&topMenuId=VC&secondMenuId=VCCP08
대구광역시,동구,기초의원,6270202,동구나선거구,3,김영화,3560,이동훈,3168,392,1,0,0,우선검토,부족 투표소가 해당 선거구에 속하는지는 투표소명 또는 읍면동이 공개된 경우에만 별도 확인 필요,https://info.nec.go.kr/main/showDocument.xhtml?electionId=0020260603&topMenuId=VC&secondMenuId=VCCP08
서울특별시,서초구,기초의원,6112202,서초구나선거구,3,김안숙,6421,이화성,5992,429,2,2,0,우선검토,부족 투표소가 해당 선거구에 속하는지는 투표소명 또는 읍면동이 공개된 경우에만 별도 확인 필요,https://info.nec.go.kr/main/showDocument.xhtml?electionId=0020260603&topMenuId=VC&secondMenuId=VCCP08
부산광역시,중구,기초의원,6260101,중구가선거구,3,금동욱,1714,최학철,1272,442,1,0,0,우선검토,부족 투표소가 해당 선거구에 속하는지는 투표소명 또는 읍면동이 공개된 경우에만 별도 확인 필요,https://info.nec.go.kr/main/showDocument.xhtml?electionId=0020260603&topMenuId=VC&secondMenuId=VCCP08
부산광역시,남구,기초의원,6260705,남구마선거구,3,고선화,9492,이재호,9038,454,1,0,0,우선검토,부족 투표소가 해당 선거구에 속하는지는 투표소명 또는 읍면동이 공개된 경우에만 별도 확인 필요,https://info.nec.go.kr/main/showDocument.xhtml?electionId=0020260603&topMenuId=VC&secondMenuId=VCCP08
경상남도,통영시,기초의원,6480502,통영시나선거구,3,신익화,3671,노성진,3209,462,1,0,0,우선검토,부족 투표소가 해당 선거구에 속하는지는 투표소명 또는 읍면동이 공개된 경우에만 별도 확인 필요,https://info.nec.go.kr/main/showDocument.xhtml?electionId=0020260603&topMenuId=VC&secondMenuId=VCCP08
경상남도,함안군,기초의원,6481202,함안군나선거구,2,조만제,1363,정유돈,806,557,3,0,0,검토,부족 투표소가 해당 선거구에 속하는지는 투표소명 또는 읍면동이 공개된 경우에만 별도 확인 필요,https://info.nec.go.kr/main/showDocument.xhtml?electionId=0020260603&topMenuId=VC&secondMenuId=VCCP08
경상남도,남해군,기초의원,6481603,남해군다선거구,2,박종식,1821,박종길,1254,567,1,0,0,검토,부족 투표소가 해당 선거구에 속하는지는 투표소명 또는 읍면동이 공개된 경우에만 별도 확인 필요,https://info.nec.go.kr/main/showDocument.xhtml?electionId=0020260603&topMenuId=VC&secondMenuId=VCCP08
경상남도,통영시,기초의원,6480503,통영시다선거구,2,김순덕,2655,신철기,2072,583,1,0,0,검토,부족 투표소가 해당 선거구에 속하는지는 투표소명 또는 읍면동이 공개된 경우에만 별도 확인 필요,https://info.nec.go.kr/main/showDocument.xhtml?electionId=0020260603&topMenuId=VC&secondMenuId=VCCP08
경상남도,남해군,기초의원,6481602,남해군나선거구,2,박삼준,1536,정영란,949,587,1,0,0,검토,부족 투표소가 해당 선거구에 속하는지는 투표소명 또는 읍면동이 공개된 경우에만 별도 확인 필요,https://info.nec.go.kr/main/showDocument.xhtml?electionId=0020260603&topMenuId=VC&secondMenuId=VCCP08
경상남도,남해군,기초의원,6481604,남해군라선거구,2,김진실,2591,임태식,1968,623,1,0,0,검토,부족 투표소가 해당 선거구에 속하는지는 투표소명 또는 읍면동이 공개된 경우에만 별도 확인 필요,https://info.nec.go.kr/main/showDocument.xhtml?electionId=0020260603&topMenuId=VC&secondMenuId=VCCP08
부산광역시,북구,기초의원,6260801,북구가선거구,3,김효원,6245,김정방,5612,633,2,0,0,검토,부족 투표소가 해당 선거구에 속하는지는 투표소명 또는 읍면동이 공개된 경우에만 별도 확인 필요,https://info.nec.go.kr/main/showDocument.xhtml?electionId=0020260603&topMenuId=VC&secondMenuId=VCCP08
부산광역시,북구,광역의원,5260804,북구제4선거구,1,김태희,23901,박종율,23247,654,2,0,0,검토,부족 투표소가 해당 선거구에 속하는지는 투표소명 또는 읍면동이 공개된 경우에만 별도 확인 필요,https://info.nec.go.kr/main/showDocument.xhtml?electionId=0020260603&topMenuId=VC&secondMenuId=VCCP08
부산광역시,금정구,기초의원,6261204,금정구라선거구,3,원명숙,7367,김태연,6709,658,1,0,0,검토,부족 투표소가 해당 선거구에 속하는지는 투표소명 또는 읍면동이 공개된 경우에만 별도 확인 필요,https://info.nec.go.kr/main/showDocument.xhtml?electionId=0020260603&topMenuId=VC&secondMenuId=VCCP08
경상남도,창원시성산구,기초의원,6482203,창원시바선거구,3,김원일,5469,조재후,4799,670,3,0,0,검토,부족 투표소가 해당 선거구에 속하는지는 투표소명 또는 읍면동이 공개된 경우에만 별도 확인 필요,https://info.nec.go.kr/main/showDocument.xhtml?electionId=0020260603&topMenuId=VC&secondMenuId=VCCP08
대구광역시,달성군,기초의원,6270803,달성군다선거구,3,이상봉,5216,우성원,4521,695,2,0,0,검토,부족 투표소가 해당 선거구에 속하는지는 투표소명 또는 읍면동이 공개된 경우에만 별도 확인 필요,https://info.nec.go.kr/main/showDocument.xhtml?electionId=0020260603&topMenuId=VC&secondMenuId=VCCP08
서울특별시,성북구,기초의원,6110801,성북구가선거구,5,소형준,5127,송대식,4425,702,8,0,0,검토,부족 투표소가 해당 선거구에 속하는지는 투표소명 또는 읍면동이 공개된 경우에만 별도 확인 필요,https://info.nec.go.kr/main/showDocument.xhtml?electionId=0020260603&topMenuId=VC&secondMenuId=VCCP08
서울특별시,동작구,기초의원,6112007,동작구사선거구,3,강한옥,7190,변종득,6459,731,1,1,0,검토,부족 투표소가 해당 선거구에 속하는지는 투표소명 또는 읍면동이 공개된 경우에만 별도 확인 필요,https://info.nec.go.kr/main/showDocument.xhtml?electionId=0020260603&topMenuId=VC&secondMenuId=VCCP08
서울특별시,송파구,광역의원,5112405,송파구제5선거구,1,정진철,35589,유정인,34816,773,15,8,1,검토,부족 투표소가 해당 선거구에 속하는지는 투표소명 또는 읍면동이 공개된 경우에만 별도 확인 필요,https://info.nec.go.kr/main/showDocument.xhtml?electionId=0020260603&topMenuId=VC&secondMenuId=VCCP08
경상남도,통영시,기초의원,6480501,통영시가선거구,4,박용수,4356,박상준,3579,777,1,0,0,검토,부족 투표소가 해당 선거구에 속하는지는 투표소명 또는 읍면동이 공개된 경우에만 별도 확인 필요,https://info.nec.go.kr/main/showDocument.xhtml?electionId=0020260603&topMenuId=VC&secondMenuId=VCCP08
대구광역시,동구,기초의원,6270201,동구가선거구,3,주형숙,4125,박정심,3344,781,1,0,0,검토,부족 투표소가 해당 선거구에 속하는지는 투표소명 또는 읍면동이 공개된 경우에만 별도 확인 필요,https://info.nec.go.kr/main/showDocument.xhtml?electionId=0020260603&topMenuId=VC&secondMenuId=VCCP08
경상남도,통영시,광역의원,5480501,통영시제1선거구,1,강성중,21487,정동영,20660,827,1,0,0,검토,부족 투표소가 해당 선거구에 속하는지는 투표소명 또는 읍면동이 공개된 경우에만 별도 확인 필요,https://info.nec.go.kr/main/showDocument.xhtml?electionId=0020260603&topMenuId=VC&secondMenuId=VCCP08
경상남도,창원시성산구,광역의원,5482202,창원시제5선거구,1,이찬호,13188,이성배,12350,838,3,0,0,검토,부족 투표소가 해당 선거구에 속하는지는 투표소명 또는 읍면동이 공개된 경우에만 별도 확인 필요,https://info.nec.go.kr/main/showDocument.xhtml?electionId=0020260603&topMenuId=VC&secondMenuId=VCCP08
경상남도,함안군,기초의원,6481201,함안군가선거구,3,안말남,2121,조용국,1194,927,3,0,0,검토,부족 투표소가 해당 선거구에 속하는지는 투표소명 또는 읍면동이 공개된 경우에만 별도 확인 필요,https://info.nec.go.kr/main/showDocument.xhtml?electionId=0020260603&topMenuId=VC&secondMenuId=VCCP08
서울특별시,송파구,기초의원,6112408,송파구아선거구,3,박지선,5427,윤정식,4499,928,15,8,1,검토,부족 투표소가 해당 선거구에 속하는지는 투표소명 또는 읍면동이 공개된 경우에만 별도 확인 필요,https://info.nec.go.kr/main/showDocument.xhtml?electionId=0020260603&topMenuId=VC&secondMenuId=VCCP08
대구광역시,동구,기초의원,6270204,동구라선거구,3,김상호,6433,하중호,5479,954,1,0,0,검토,부족 투표소가 해당 선거구에 속하는지는 투표소명 또는 읍면동이 공개된 경우에만 별도 확인 필요,https://info.nec.go.kr/main/showDocument.xhtml?electionId=0020260603&topMenuId=VC&secondMenuId=VCCP08
경상남도,함안군,광역의원,5481202,함안군제2선거구,1,김수봉,9081,윤상철,8121,960,3,0,0,검토,부족 투표소가 해당 선거구에 속하는지는 투표소명 또는 읍면동이 공개된 경우에만 별도 확인 필요,https://info.nec.go.kr/main/showDocument.xhtml?electionId=0020260603&topMenuId=VC&secondMenuId=VCCP08
서울특별시,광진구,광역의원,5110504,광진구제4선거구,1,전은혜,19809,김창현,18815,994,3,1,0,검토,부족 투표소가 해당 선거구에 속하는지는 투표소명 또는 읍면동이 공개된 경우에만 별도 확인 필요,https://info.nec.go.kr/main/showDocument.xhtml?electionId=0020260603&topMenuId=VC&secondMenuId=VCCP08
울산광역시,남구,광역의원,5310204,남구제4선거구,1,김남이,13476,황주경,12472,1004,1,0,0,검토,부족 투표소가 해당 선거구에 속하는지는 투표소명 또는 읍면동이 공개된 경우에만 별도 확인 필요,https://info.nec.go.kr/main/showDocument.xhtml?electionId=0020260603&topMenuId=VC&secondMenuId=VCCP08
서울특별시,강남구,기초의원,6112307,강남구사선거구,2,김윤희,6092,노애자,5087,1005,4,2,0,검토,부족 투표소가 해당 선거구에 속하는지는 투표소명 또는 읍면동이 공개된 경우에만 별도 확인 필요,https://info.nec.go.kr/main/showDocument.xhtml?electionId=0020260603&topMenuId=VC&secondMenuId=VCCP08
부산광역시,북구,광역의원,5260803,북구제3선거구,1,이종진,15367,정양훈,14358,1009,2,0,0,검토,부족 투표소가 해당 선거구에 속하는지는 투표소명 또는 읍면동이 공개된 경우에만 별도 확인 필요,https://info.nec.go.kr/main/showDocument.xhtml?electionId=0020260603&topMenuId=VC&secondMenuId=VCCP08
서울특별시,서초구,기초의원,6112201,서초구가선거구,4,정지광,5246,김남식,4229,1017,2,2,0,검토,부족 투표소가 해당 선거구에 속하는지는 투표소명 또는 읍면동이 공개된 경우에만 별도 확인 필요,https://info.nec.go.kr/main/showDocument.xhtml?electionId=0020260603&topMenuId=VC&secondMenuId=VCCP08
부산광역시,남구,광역의원,5260702,남구제2선거구,1,조상진,12276,이강영,11205,1071,1,0,0,검토,부족 투표소가 해당 선거구에 속하는지는 투표소명 또는 읍면동이 공개된 경우에만 별도 확인 필요,https://info.nec.go.kr/main/showDocument.xhtml?electionId=0020260603&topMenuId=VC&secondMenuId=VCCP08
대구광역시,남구,기초의원,6270402,남구나선거구,2,주경민,5035,송민선,3888,1147,1,0,0,검토,부족 투표소가 해당 선거구에 속하는지는 투표소명 또는 읍면동이 공개된 경우에만 별도 확인 필요,https://info.nec.go.kr/main/showDocument.xhtml?electionId=0020260603&topMenuId=VC&secondMenuId=VCCP08
부산광역시,부산진구,기초의원,6260501,부산진구가선거구,3,오우택,5624,이민규,4426,1198,1,0,0,검토,부족 투표소가 해당 선거구에 속하는지는 투표소명 또는 읍면동이 공개된 경우에만 별도 확인 필요,https://info.nec.go.kr/main/showDocument.xhtml?electionId=0020260603&topMenuId=VC&secondMenuId=VCCP08
부산광역시,부산진구,광역의원,5260502,부산진구제2선거구,1,한갑용,24222,이대석,23023,1199,1,0,0,검토,부족 투표소가 해당 선거구에 속하는지는 투표소명 또는 읍면동이 공개된 경우에만 별도 확인 필요,https://info.nec.go.kr/main/showDocument.xhtml?electionId=0020260603&topMenuId=VC&secondMenuId=VCCP08
경상남도,창원시성산구,광역의원,5482203,창원시제6선거구,1,원성일,18986,이재두,17729,1257,3,0,0,검토,부족 투표소가 해당 선거구에 속하는지는 투표소명 또는 읍면동이 공개된 경우에만 별도 확인 필요,https://info.nec.go.kr/main/showDocument.xhtml?electionId=0020260603&topMenuId=VC&secondMenuId=VCCP08
서울특별시,광진구,광역의원,5110502,광진구제2선거구,1,최두호,24875,박성연,23555,1320,3,1,0,검토,부족 투표소가 해당 선거구에 속하는지는 투표소명 또는 읍면동이 공개된 경우에만 별도 확인 필요,https://info.nec.go.kr/main/showDocument.xhtml?electionId=0020260603&topMenuId=VC&secondMenuId=VCCP08
울산광역시,남구,광역의원,5310206,남구제6선거구,1,이영해,11310,임우철,9945,1365,1,0,0,검토,부족 투표소가 해당 선거구에 속하는지는 투표소명 또는 읍면동이 공개된 경우에만 별도 확인 필요,https://info.nec.go.kr/main/showDocument.xhtml?electionId=0020260603&topMenuId=VC&secondMenuId=VCCP08
경상남도,함안군,광역의원,5481201,함안군제1선거구,1,이관맹,9091,김주석,7670,1421,3,0,0,검토,부족 투표소가 해당 선거구에 속하는지는 투표소명 또는 읍면동이 공개된 경우에만 별도 확인 필요,https://info.nec.go.kr/main/showDocument.xhtml?electionId=0020260603&topMenuId=VC&secondMenuId=VCCP08
경상남도,창원시성산구,광역의원,5482201,창원시제4선거구,1,박준,18613,김경영,17137,1476,3,0,0,검토,부족 투표소가 해당 선거구에 속하는지는 투표소명 또는 읍면동이 공개된 경우에만 별도 확인 필요,https://info.nec.go.kr/main/showDocument.xhtml?electionId=0020260603&topMenuId=VC&secondMenuId=VCCP08
대구광역시,북구,기초의원,6270506,북구바선거구,3,김기조,7308,이상봉,5799,1509,1,0,0,검토,부족 투표소가 해당 선거구에 속하는지는 투표소명 또는 읍면동이 공개된 경우에만 별도 확인 필요,https://info.nec.go.kr/main/showDocument.xhtml?electionId=0020260603&topMenuId=VC&secondMenuId=VCCP08
부산광역시,북구,기초의원,6260804,북구라선거구,4,박기훈,8316,이주연,6787,1529,2,0,0,검토,부족 투표소가 해당 선거구에 속하는지는 투표소명 또는 읍면동이 공개된 경우에만 별도 확인 필요,https://info.nec.go.kr/main/showDocument.xhtml?electionId=0020260603&topMenuId=VC&secondMenuId=VCCP08
부산광역시,동구,광역의원,5260301,동구제1선거구,1,이상욱,12617,김진오,11034,1583,1,0,0,검토,부족 투표소가 해당 선거구에 속하는지는 투표소명 또는 읍면동이 공개된 경우에만 별도 확인 필요,https://info.nec.go.kr/main/showDocument.xhtml?electionId=0020260603&topMenuId=VC&secondMenuId=VCCP08
서울특별시,동작구,기초의원,6112005,동작구마선거구,2,이수홍,9876,이영주,8268,1608,1,1,0,검토,부족 투표소가 해당 선거구에 속하는지는 투표소명 또는 읍면동이 공개된 경우에만 별도 확인 필요,https://info.nec.go.kr/main/showDocument.xhtml?electionId=0020260603&topMenuId=VC&secondMenuId=VCCP08
부산광역시,부산진구,광역의원,5260503,부산진구제3선거구,1,김재운,22774,장백산,21090,1684,1,0,0,검토,부족 투표소가 해당 선거구에 속하는지는 투표소명 또는 읍면동이 공개된 경우에만 별도 확인 필요,https://info.nec.go.kr/main/showDocument.xhtml?electionId=0020260603&topMenuId=VC&secondMenuId=VCCP08
울산광역시,중구,기초의원,6310103,중구다선거구,3,문기호,6698,박경흠,5001,1697,1,0,0,검토,부족 투표소가 해당 선거구에 속하는지는 투표소명 또는 읍면동이 공개된 경우에만 별도 확인 필요,https://info.nec.go.kr/main/showDocument.xhtml?electionId=0020260603&topMenuId=VC&secondMenuId=VCCP08
대구광역시,달성군,기초의원,6270801,달성군가선거구,2,배한곤,8567,신달호,6860,1707,2,0,0,검토,부족 투표소가 해당 선거구에 속하는지는 투표소명 또는 읍면동이 공개된 경우에만 별도 확인 필요,https://info.nec.go.kr/main/showDocument.xhtml?electionId=0020260603&topMenuId=VC&secondMenuId=VCCP08
서울특별시,송파구,기초의원,6112404,송파구라선거구,3,유미현,7805,배신정,6060,1745,15,8,1,검토,부족 투표소가 해당 선거구에 속하는지는 투표소명 또는 읍면동이 공개된 경우에만 별도 확인 필요,https://info.nec.go.kr/main/showDocument.xhtml?electionId=0020260603&topMenuId=VC&secondMenuId=VCCP08
울산광역시,북구,기초의원,6310402,북구나선거구,3,김철우,5619,박정환,3871,1748,1,0,0,검토,부족 투표소가 해당 선거구에 속하는지는 투표소명 또는 읍면동이 공개된 경우에만 별도 확인 필요,https://info.nec.go.kr/main/showDocument.xhtml?electionId=0020260603&topMenuId=VC&secondMenuId=VCCP08
경상남도,통영시,기초의원,6480504,통영시라선거구,3,김용안,4233,정승욱,2438,1795,1,0,0,검토,부족 투표소가 해당 선거구에 속하는지는 투표소명 또는 읍면동이 공개된 경우에만 별도 확인 필요,https://info.nec.go.kr/main/showDocument.xhtml?electionId=0020260603&topMenuId=VC&secondMenuId=VCCP08
서울특별시,광진구,기초의원,6110504,광진구라선거구,3,서민우,7523,김상배,5579,1944,3,1,0,검토,부족 투표소가 해당 선거구에 속하는지는 투표소명 또는 읍면동이 공개된 경우에만 별도 확인 필요,https://info.nec.go.kr/main/showDocument.xhtml?electionId=0020260603&topMenuId=VC&secondMenuId=VCCP08
부산광역시,동구,기초의원,6260301,동구가선거구,3,김재헌,4142,신송자,2190,1952,1,0,0,검토,부족 투표소가 해당 선거구에 속하는지는 투표소명 또는 읍면동이 공개된 경우에만 별도 확인 필요,https://info.nec.go.kr/main/showDocument.xhtml?electionId=0020260603&topMenuId=VC&secondMenuId=VCCP08
인천광역시,연수구,광역의원,5280406,연수구제6선거구,1,정채훈,13990,서정호,12035,1955,6,2,2,검토,부족 투표소가 해당 선거구에 속하는지는 투표소명 또는 읍면동이 공개된 경우에만 별도 확인 필요,https://info.nec.go.kr/main/showDocument.xhtml?electionId=0020260603&topMenuId=VC&secondMenuId=VCCP08
부산광역시,동구,광역의원,5260302,동구제2선거구,1,김재헌,12032,임진권,10020,2012,1,0,0,참고,부족 투표소가 해당 선거구에 속하는지는 투표소명 또는 읍면동이 공개된 경우에만 별도 확인 필요,https://info.nec.go.kr/main/showDocument.xhtml?electionId=0020260603&topMenuId=VC&secondMenuId=VCCP08
울산광역시,북구,광역의원,5310403,북구제3선거구,1,백현조,15446,강진희,13405,2041,1,0,0,참고,부족 투표소가 해당 선거구에 속하는지는 투표소명 또는 읍면동이 공개된 경우에만 별도 확인 필요,https://info.nec.go.kr/main/showDocument.xhtml?electionId=0020260603&topMenuId=VC&secondMenuId=VCCP08
서울특별시,광진구,광역의원,5110503,광진구제3선거구,1,김영옥,29114,이상엽,26957,2157,3,1,0,참고,부족 투표소가 해당 선거구에 속하는지는 투표소명 또는 읍면동이 공개된 경우에만 별도 확인 필요,https://info.nec.go.kr/main/showDocument.xhtml?electionId=0020260603&topMenuId=VC&secondMenuId=VCCP08
울산광역시,남구,광역의원,5310202,남구제2선거구,1,이장걸,13790,서진수,11622,2168,1,0,0,참고,부족 투표소가 해당 선거구에 속하는지는 투표소명 또는 읍면동이 공개된 경우에만 별도 확인 필요,https://info.nec.go.kr/main/showDocument.xhtml?electionId=0020260603&topMenuId=VC&secondMenuId=VCCP08
울산광역시,남구,광역의원,5310203,남구제3선거구,1,안대룡,14891,강정덕,12721,2170,1,0,0,참고,부족 투표소가 해당 선거구에 속하는지는 투표소명 또는 읍면동이 공개된 경우에만 별도 확인 필요,https://info.nec.go.kr/main/showDocument.xhtml?electionId=0020260603&topMenuId=VC&secondMenuId=VCCP08
서울특별시,광진구,기초의원,6110501,광진구가선거구,3,강일,8026,추윤구,5734,2292,3,1,0,참고,부족 투표소가 해당 선거구에 속하는지는 투표소명 또는 읍면동이 공개된 경우에만 별도 확인 필요,https://info.nec.go.kr/main/showDocument.xhtml?electionId=0020260603&topMenuId=VC&secondMenuId=VCCP08
부산광역시,중구,광역의원,5260101,중구선거구,1,강주택,10667,김시형,8344,2323,1,0,0,참고,부족 투표소가 해당 선거구에 속하는지는 투표소명 또는 읍면동이 공개된 경우에만 별도 확인 필요,https://info.nec.go.kr/main/showDocument.xhtml?electionId=0020260603&topMenuId=VC&secondMenuId=VCCP08
부산광역시,남구,광역의원,5260701,남구제1선거구,1,서성부,24354,이용형,21974,2380,1,0,0,참고,부족 투표소가 해당 선거구에 속하는지는 투표소명 또는 읍면동이 공개된 경우에만 별도 확인 필요,https://info.nec.go.kr/main/showDocument.xhtml?electionId=0020260603&topMenuId=VC&secondMenuId=VCCP08
서울특별시,강남구,기초의원,6112309,강남구자선거구,3,염희옥,4712,김동현,2233,2479,4,2,0,참고,부족 투표소가 해당 선거구에 속하는지는 투표소명 또는 읍면동이 공개된 경우에만 별도 확인 필요,https://info.nec.go.kr/main/showDocument.xhtml?electionId=0020260603&topMenuId=VC&secondMenuId=VCCP08
서울특별시,성북구,기초의원,6110802,성북구나선거구,3,양순임,7301,임현주,4764,2537,8,0,0,참고,부족 투표소가 해당 선거구에 속하는지는 투표소명 또는 읍면동이 공개된 경우에만 별도 확인 필요,https://info.nec.go.kr/main/showDocument.xhtml?electionId=0020260603&topMenuId=VC&secondMenuId=VCCP08
서울특별시,동작구,광역의원,5112004,동작구제4선거구,1,이희원,24343,유용,21762,2581,1,1,0,참고,부족 투표소가 해당 선거구에 속하는지는 투표소명 또는 읍면동이 공개된 경우에만 별도 확인 필요,https://info.nec.go.kr/main/showDocument.xhtml?electionId=0020260603&topMenuId=VC&secondMenuId=VCCP08
대구광역시,동구,기초의원,6270205,동구마선거구,3,최건,4177,황순규,1592,2585,1,0,0,참고,부족 투표소가 해당 선거구에 속하는지는 투표소명 또는 읍면동이 공개된 경우에만 별도 확인 필요,https://info.nec.go.kr/main/showDocument.xhtml?electionId=0020260603&topMenuId=VC&secondMenuId=VCCP08
서울특별시,강남구,기초의원,6112302,강남구나선거구,3,이종원,3702,황영각,1100,2602,4,2,0,참고,부족 투표소가 해당 선거구에 속하는지는 투표소명 또는 읍면동이 공개된 경우에만 별도 확인 필요,https://info.nec.go.kr/main/showDocument.xhtml?electionId=0020260603&topMenuId=VC&secondMenuId=VCCP08
부산광역시,북구,기초의원,6260802,북구나선거구,3,손분연,7203,백종학,4597,2606,2,0,0,참고,부족 투표소가 해당 선거구에 속하는지는 투표소명 또는 읍면동이 공개된 경우에만 별도 확인 필요,https://info.nec.go.kr/main/showDocument.xhtml?electionId=0020260603&topMenuId=VC&secondMenuId=VCCP08
울산광역시,남구,광역의원,5310205,남구제5선거구,1,김대영,11560,황숲,8951,2609,1,0,0,참고,부족 투표소가 해당 선거구에 속하는지는 투표소명 또는 읍면동이 공개된 경우에만 별도 확인 필요,https://info.nec.go.kr/main/showDocument.xhtml?electionId=0020260603&topMenuId=VC&secondMenuId=VCCP08
부산광역시,부산진구,광역의원,5260501,부산진구제1선거구,1,박희용,26920,성현옥,24253,2667,1,0,0,참고,부족 투표소가 해당 선거구에 속하는지는 투표소명 또는 읍면동이 공개된 경우에만 별도 확인 필요,https://info.nec.go.kr/main/showDocument.xhtml?electionId=0020260603&topMenuId=VC&secondMenuId=VCCP08
서울특별시,서초구,기초의원,6112205,서초구마선거구,3,조희옥,8540,장은주,5866,2674,2,2,0,참고,부족 투표소가 해당 선거구에 속하는지는 투표소명 또는 읍면동이 공개된 경우에만 별도 확인 필요,https://info.nec.go.kr/main/showDocument.xhtml?electionId=0020260603&topMenuId=VC&secondMenuId=VCCP08
대구광역시,달서구,기초의원,6270705,달서구마선거구,2,배지훈,6369,김광수,3678,2691,2,0,0,참고,부족 투표소가 해당 선거구에 속하는지는 투표소명 또는 읍면동이 공개된 경우에만 별도 확인 필요,https://info.nec.go.kr/main/showDocument.xhtml?electionId=0020260603&topMenuId=VC&secondMenuId=VCCP08
대구광역시,달성군,기초의원,6270802,달성군나선거구,2,권주연,5787,서창석,3090,2697,2,0,0,참고,부족 투표소가 해당 선거구에 속하는지는 투표소명 또는 읍면동이 공개된 경우에만 별도 확인 필요,https://info.nec.go.kr/main/showDocument.xhtml?electionId=0020260603&topMenuId=VC&secondMenuId=VCCP08
대구광역시,남구,기초의원,6270403,남구다선거구,2,강민욱,4934,배민철,2146,2788,1,0,0,참고,부족 투표소가 해당 선거구에 속하는지는 투표소명 또는 읍면동이 공개된 경우에만 별도 확인 필요,https://info.nec.go.kr/main/showDocument.xhtml?electionId=0020260603&topMenuId=VC&secondMenuId=VCCP08
서울특별시,강서구,기초의원,6111605,강서구마선거구,4,함영규,6192,정정희,3311,2881,2,0,0,참고,부족 투표소가 해당 선거구에 속하는지는 투표소명 또는 읍면동이 공개된 경우에만 별도 확인 필요,https://info.nec.go.kr/main/showDocument.xhtml?electionId=0020260603&topMenuId=VC&secondMenuId=VCCP08
경상남도,남해군,광역의원,5481601,남해군선거구,1,김창우,15013,정현옥,12092,2921,1,0,0,참고,부족 투표소가 해당 선거구에 속하는지는 투표소명 또는 읍면동이 공개된 경우에만 별도 확인 필요,https://info.nec.go.kr/main/showDocument.xhtml?electionId=0020260603&topMenuId=VC&secondMenuId=VCCP08
서울특별시,송파구,기초의원,6112405,송파구마선거구,3,이원우,7306,이성자,4356,2950,15,8,1,참고,부족 투표소가 해당 선거구에 속하는지는 투표소명 또는 읍면동이 공개된 경우에만 별도 확인 필요,https://info.nec.go.kr/main/showDocument.xhtml?electionId=0020260603&topMenuId=VC&secondMenuId=VCCP08
경상남도,창원시성산구,광역의원,5482204,창원시제7선거구,1,문병선,20171,박남용,17194,2977,3,0,0,참고,부족 투표소가 해당 선거구에 속하는지는 투표소명 또는 읍면동이 공개된 경우에만 별도 확인 필요,https://info.nec.go.kr/main/showDocument.xhtml?electionId=0020260603&topMenuId=VC&secondMenuId=VCCP08
울산광역시,남구,기초의원,6310205,남구마선거구,2,이양임,7075,김영석,4088,2987,1,0,0,참고,부족 투표소가 해당 선거구에 속하는지는 투표소명 또는 읍면동이 공개된 경우에만 별도 확인 필요,https://info.nec.go.kr/main/showDocument.xhtml?electionId=0020260603&topMenuId=VC&secondMenuId=VCCP08
대구광역시,달서구,기초의원,6270703,달서구다선거구,3,도하석,5113,박종길,2125,2988,2,0,0,참고,부족 투표소가 해당 선거구에 속하는지는 투표소명 또는 읍면동이 공개된 경우에만 별도 확인 필요,https://info.nec.go.kr/main/showDocument.xhtml?electionId=0020260603&topMenuId=VC&secondMenuId=VCCP08
울산광역시,중구,광역의원,5310102,중구제2선거구,1,김기환,10478,천병태,7459,3019,1,0,0,참고,부족 투표소가 해당 선거구에 속하는지는 투표소명 또는 읍면동이 공개된 경우에만 별도 확인 필요,https://info.nec.go.kr/main/showDocument.xhtml?electionId=0020260603&topMenuId=VC&secondMenuId=VCCP08
부산광역시,남구,기초의원,6260703,남구다선거구,2,이병준,7330,백석민,4269,3061,1,0,0,참고,부족 투표소가 해당 선거구에 속하는지는 투표소명 또는 읍면동이 공개된 경우에만 별도 확인 필요,https://info.nec.go.kr/main/showDocument.xhtml?electionId=0020260603&topMenuId=VC&secondMenuId=VCCP08
인천광역시,연수구,광역의원,5280403,연수구제3선거구,1,정보현,17867,유승분,14733,3134,6,2,2,참고,부족 투표소가 해당 선거구에 속하는지는 투표소명 또는 읍면동이 공개된 경우에만 별도 확인 필요,https://info.nec.go.kr/main/showDocument.xhtml?electionId=0020260603&topMenuId=VC&secondMenuId=VCCP08
서울특별시,강남구,기초의원,6112301,강남구가선거구,2,김진경,5727,장인숙,2427,3300,4,2,0,참고,부족 투표소가 해당 선거구에 속하는지는 투표소명 또는 읍면동이 공개된 경우에만 별도 확인 필요,https://info.nec.go.kr/main/showDocument.xhtml?electionId=0020260603&topMenuId=VC&secondMenuId=VCCP08
서울특별시,강남구,기초의원,6112303,강남구다선거구,3,이재진,7586,장용수,4266,3320,4,2,0,참고,부족 투표소가 해당 선거구에 속하는지는 투표소명 또는 읍면동이 공개된 경우에만 별도 확인 필요,https://info.nec.go.kr/main/showDocument.xhtml?electionId=0020260603&topMenuId=VC&secondMenuId=VCCP08
서울특별시,송파구,광역의원,5112406,송파구제6선거구,1,이수진,35595,신영재,32218,3377,15,8,1,참고,부족 투표소가 해당 선거구에 속하는지는 투표소명 또는 읍면동이 공개된 경우에만 별도 확인 필요,https://info.nec.go.kr/main/showDocument.xhtml?electionId=0020260603&topMenuId=VC&secondMenuId=VCCP08
서울특별시,서초구,기초의원,6112204,서초구라선거구,2,하서영,8014,이현숙,4573,3441,2,2,0,참고,부족 투표소가 해당 선거구에 속하는지는 투표소명 또는 읍면동이 공개된 경우에만 별도 확인 필요,https://info.nec.go.kr/main/showDocument.xhtml?electionId=0020260603&topMenuId=VC&secondMenuId=VCCP08
울산광역시,북구,광역의원,5310402,북구제2선거구,1,이주언,20216,문석주,16699,3517,1,0,0,참고,부족 투표소가 해당 선거구에 속하는지는 투표소명 또는 읍면동이 공개된 경우에만 별도 확인 필요,https://info.nec.go.kr/main/showDocument.xhtml?electionId=0020260603&topMenuId=VC&secondMenuId=VCCP08
서울특별시,강서구,광역의원,5111603,강서구제3선거구,1,박계홍,26174,최진혁,22618,3556,2,0,0,참고,부족 투표소가 해당 선거구에 속하는지는 투표소명 또는 읍면동이 공개된 경우에만 별도 확인 필요,https://info.nec.go.kr/main/showDocument.xhtml?electionId=0020260603&topMenuId=VC&secondMenuId=VCCP08
서울특별시,강서구,광역의원,5111605,강서구제5선거구,1,홍재희,24733,김경훈,20956,3777,2,0,0,참고,부족 투표소가 해당 선거구에 속하는지는 투표소명 또는 읍면동이 공개된 경우에만 별도 확인 필요,https://info.nec.go.kr/main/showDocument.xhtml?electionId=0020260603&topMenuId=VC&secondMenuId=VCCP08
서울특별시,동작구,광역의원,5112001,동작구제1선거구,1,김정환,29381,장순욱,25399,3982,1,1,0,참고,부족 투표소가 해당 선거구에 속하는지는 투표소명 또는 읍면동이 공개된 경우에만 별도 확인 필요,https://info.nec.go.kr/main/showDocument.xhtml?electionId=0020260603&topMenuId=VC&secondMenuId=VCCP08
울산광역시,중구,광역의원,5310103,중구제3선거구,1,이성룡,22425,정재환,18421,4004,1,0,0,참고,부족 투표소가 해당 선거구에 속하는지는 투표소명 또는 읍면동이 공개된 경우에만 별도 확인 필요,https://info.nec.go.kr/main/showDocument.xhtml?electionId=0020260603&topMenuId=VC&secondMenuId=VCCP08
서울특별시,강남구,기초의원,6112304,강남구라선거구,3,박대용,6027,구성도,2001,4026,4,2,0,참고,부족 투표소가 해당 선거구에 속하는지는 투표소명 또는 읍면동이 공개된 경우에만 별도 확인 필요,https://info.nec.go.kr/main/showDocument.xhtml?electionId=0020260603&topMenuId=VC&secondMenuId=VCCP08
서울특별시,강서구,기초의원,6111601,강서구가선거구,3,김영회,6353,김수림,2308,4045,2,0,0,참고,부족 투표소가 해당 선거구에 속하는지는 투표소명 또는 읍면동이 공개된 경우에만 별도 확인 필요,https://info.nec.go.kr/main/showDocument.xhtml?electionId=0020260603&topMenuId=VC&secondMenuId=VCCP08
서울특별시,강서구,광역의원,5111604,강서구제4선거구,1,송순효,29627,김춘곤,25579,4048,2,0,0,참고,부족 투표소가 해당 선거구에 속하는지는 투표소명 또는 읍면동이 공개된 경우에만 별도 확인 필요,https://info.nec.go.kr/main/showDocument.xhtml?electionId=0020260603&topMenuId=VC&secondMenuId=VCCP08
경상남도,통영시,광역의원,5480502,통영시제2선거구,1,김태종,14937,황수배,10834,4103,1,0,0,참고,부족 투표소가 해당 선거구에 속하는지는 투표소명 또는 읍면동이 공개된 경우에만 별도 확인 필요,https://info.nec.go.kr/main/showDocument.xhtml?electionId=0020260603&topMenuId=VC&secondMenuId=VCCP08
부산광역시,부산진구,광역의원,5260504,부산진구제4선거구,1,배영숙,25656,한일태,21553,4103,1,0,0,참고,부족 투표소가 해당 선거구에 속하는지는 투표소명 또는 읍면동이 공개된 경우에만 별도 확인 필요,https://info.nec.go.kr/main/showDocument.xhtml?electionId=0020260603&topMenuId=VC&secondMenuId=VCCP08
울산광역시,중구,광역의원,5310101,중구제1선거구,1,권태호,18514,손일홍,14273,4241,1,0,0,참고,부족 투표소가 해당 선거구에 속하는지는 투표소명 또는 읍면동이 공개된 경우에만 별도 확인 필요,https://info.nec.go.kr/main/showDocument.xhtml?electionId=0020260603&topMenuId=VC&secondMenuId=VCCP08
인천광역시,연수구,광역의원,5280404,연수구제4선거구,1,조민경,24210,송인창,19914,4296,6,2,2,참고,부족 투표소가 해당 선거구에 속하는지는 투표소명 또는 읍면동이 공개된 경우에만 별도 확인 필요,https://info.nec.go.kr/main/showDocument.xhtml?electionId=0020260603&topMenuId=VC&secondMenuId=VCCP08
대구광역시,달서구,기초의원,6270709,달서구자선거구,2,이성순,9544,장호섭,5232,4312,2,0,0,참고,부족 투표소가 해당 선거구에 속하는지는 투표소명 또는 읍면동이 공개된 경우에만 별도 확인 필요,https://info.nec.go.kr/main/showDocument.xhtml?electionId=0020260603&topMenuId=VC&secondMenuId=VCCP08
인천광역시,연수구,광역의원,5280402,연수구제2선거구,1,김우성,21411,김용희,17090,4321,6,2,2,참고,부족 투표소가 해당 선거구에 속하는지는 투표소명 또는 읍면동이 공개된 경우에만 별도 확인 필요,https://info.nec.go.kr/main/showDocument.xhtml?electionId=0020260603&topMenuId=VC&secondMenuId=VCCP08
울산광역시,중구,기초의원,6310104,중구라선거구,2,이명녀,6773,김햇살,2398,4375,1,0,0,참고,부족 투표소가 해당 선거구에 속하는지는 투표소명 또는 읍면동이 공개된 경우에만 별도 확인 필요,https://info.nec.go.kr/main/showDocument.xhtml?electionId=0020260603&topMenuId=VC&secondMenuId=VCCP08
대구광역시,달서구,기초의원,6270708,달서구아선거구,3,고명욱,6295,원종진,1914,4381,2,0,0,참고,부족 투표소가 해당 선거구에 속하는지는 투표소명 또는 읍면동이 공개된 경우에만 별도 확인 필요,https://info.nec.go.kr/main/showDocument.xhtml?electionId=0020260603&topMenuId=VC&secondMenuId=VCCP08
대구광역시,북구,기초의원,6270502,북구나선거구,2,신창섭,7860,천민경,3460,4400,1,0,0,참고,부족 투표소가 해당 선거구에 속하는지는 투표소명 또는 읍면동이 공개된 경우에만 별도 확인 필요,https://info.nec.go.kr/main/showDocument.xhtml?electionId=0020260603&topMenuId=VC&secondMenuId=VCCP08
대구광역시,동구,기초의원,6270206,동구바선거구,2,김은옥,7538,최호영,3117,4421,1,0,0,참고,부족 투표소가 해당 선거구에 속하는지는 투표소명 또는 읍면동이 공개된 경우에만 별도 확인 필요,https://info.nec.go.kr/main/showDocument.xhtml?electionId=0020260603&topMenuId=VC&secondMenuId=VCCP08
부산광역시,수영구,광역의원,5261501,수영구제1선거구,1,조병제,26546,황성의,22060,4486,1,0,0,참고,부족 투표소가 해당 선거구에 속하는지는 투표소명 또는 읍면동이 공개된 경우에만 별도 확인 필요,https://info.nec.go.kr/main/showDocument.xhtml?electionId=0020260603&topMenuId=VC&secondMenuId=VCCP08
울산광역시,중구,기초의원,6310102,중구나선거구,2,이재철,7987,김도운,3463,4524,1,0,0,참고,부족 투표소가 해당 선거구에 속하는지는 투표소명 또는 읍면동이 공개된 경우에만 별도 확인 필요,https://info.nec.go.kr/main/showDocument.xhtml?electionId=0020260603&topMenuId=VC&secondMenuId=VCCP08
대구광역시,동구,기초의원,6270203,동구다선거구,3,이연미,5988,박철현,1457,4531,1,0,0,참고,부족 투표소가 해당 선거구에 속하는지는 투표소명 또는 읍면동이 공개된 경우에만 별도 확인 필요,https://info.nec.go.kr/main/showDocument.xhtml?electionId=0020260603&topMenuId=VC&secondMenuId=VCCP08
대구광역시,북구,기초의원,6270505,북구마선거구,3,오택근,7386,김종길,2813,4573,1,0,0,참고,부족 투표소가 해당 선거구에 속하는지는 투표소명 또는 읍면동이 공개된 경우에만 별도 확인 필요,https://info.nec.go.kr/main/showDocument.xhtml?electionId=0020260603&topMenuId=VC&secondMenuId=VCCP08
대구광역시,달성군,기초의원,6270804,달성군라선거구,3,신동윤,7752,박주용,3160,4592,2,0,0,참고,부족 투표소가 해당 선거구에 속하는지는 투표소명 또는 읍면동이 공개된 경우에만 별도 확인 필요,https://info.nec.go.kr/main/showDocument.xhtml?electionId=0020260603&topMenuId=VC&secondMenuId=VCCP08
부산광역시,남구,광역의원,5260704,남구제4선거구,1,박미순,23751,유정기,19002,4749,1,0,0,참고,부족 투표소가 해당 선거구에 속하는지는 투표소명 또는 읍면동이 공개된 경우에만 별도 확인 필요,https://info.nec.go.kr/main/showDocument.xhtml?electionId=0020260603&topMenuId=VC&secondMenuId=VCCP08
서울특별시,광진구,기초의원,6110502,광진구나선거구,3,고양석,6678,최제일,1896,4782,3,1,0,참고,부족 투표소가 해당 선거구에 속하는지는 투표소명 또는 읍면동이 공개된 경우에만 별도 확인 필요,https://info.nec.go.kr/main/showDocument.xhtml?electionId=0020260603&topMenuId=VC&secondMenuId=VCCP08
서울특별시,성북구,광역의원,5110804,성북구제4선거구,1,이소라,27269,김태수,22448,4821,8,0,0,참고,부족 투표소가 해당 선거구에 속하는지는 투표소명 또는 읍면동이 공개된 경우에만 별도 확인 필요,https://info.nec.go.kr/main/showDocument.xhtml?electionId=0020260603&topMenuId=VC&secondMenuId=VCCP08
대구광역시,북구,기초의원,6270507,북구사선거구,3,김상선,6348,김진우,1398,4950,1,0,0,참고,부족 투표소가 해당 선거구에 속하는지는 투표소명 또는 읍면동이 공개된 경우에만 별도 확인 필요,https://info.nec.go.kr/main/showDocument.xhtml?electionId=0020260603&topMenuId=VC&secondMenuId=VCCP08
대구광역시,달서구,기초의원,6270707,달서구사선거구,3,손범구,6899,박선희,1928,4971,2,0,0,참고,부족 투표소가 해당 선거구에 속하는지는 투표소명 또는 읍면동이 공개된 경우에만 별도 확인 필요,https://info.nec.go.kr/main/showDocument.xhtml?electionId=0020260603&topMenuId=VC&secondMenuId=VCCP08
서울특별시,송파구,광역의원,5112402,송파구제2선거구,1,김광철,30965,정주리,25789,5176,15,8,1,참고,부족 투표소가 해당 선거구에 속하는지는 투표소명 또는 읍면동이 공개된 경우에만 별도 확인 필요,https://info.nec.go.kr/main/showDocument.xhtml?electionId=0020260603&topMenuId=VC&secondMenuId=VCCP08
서울특별시,동작구,광역의원,5112002,동작구제2선거구,1,김경우,31069,최민규,25890,5179,1,1,0,참고,부족 투표소가 해당 선거구에 속하는지는 투표소명 또는 읍면동이 공개된 경우에만 별도 확인 필요,https://info.nec.go.kr/main/showDocument.xhtml?electionId=0020260603&topMenuId=VC&secondMenuId=VCCP08
서울특별시,송파구,광역의원,5112403,송파구제3선거구,1,임춘대,26594,박종현,21351,5243,15,8,1,참고,부족 투표소가 해당 선거구에 속하는지는 투표소명 또는 읍면동이 공개된 경우에만 별도 확인 필요,https://info.nec.go.kr/main/showDocument.xhtml?electionId=0020260603&topMenuId=VC&secondMenuId=VCCP08
서울특별시,강서구,광역의원,5111602,강서구제2선거구,1,장상기,29794,강석주,24481,5313,2,0,0,참고,부족 투표소가 해당 선거구에 속하는지는 투표소명 또는 읍면동이 공개된 경우에만 별도 확인 필요,https://info.nec.go.kr/main/showDocument.xhtml?electionId=0020260603&topMenuId=VC&secondMenuId=VCCP08
경상남도,창원시성산구,기초의원,6482202,창원시마선거구,2,박현재,9534,김경희,3973,5561,3,0,0,참고,부족 투표소가 해당 선거구에 속하는지는 투표소명 또는 읍면동이 공개된 경우에만 별도 확인 필요,https://info.nec.go.kr/main/showDocument.xhtml?electionId=0020260603&topMenuId=VC&secondMenuId=VCCP08
서울특별시,동작구,기초의원,6112002,동작구나선거구,2,송동석,10823,홍진우,5199,5624,1,1,0,참고,부족 투표소가 해당 선거구에 속하는지는 투표소명 또는 읍면동이 공개된 경우에만 별도 확인 필요,https://info.nec.go.kr/main/showDocument.xhtml?electionId=0020260603&topMenuId=VC&secondMenuId=VCCP08
서울특별시,광진구,광역의원,5110501,광진구제1선거구,1,김회근,24366,손정수,18690,5676,3,1,0,참고,부족 투표소가 해당 선거구에 속하는지는 투표소명 또는 읍면동이 공개된 경우에만 별도 확인 필요,https://info.nec.go.kr/main/showDocument.xhtml?electionId=0020260603&topMenuId=VC&secondMenuId=VCCP08
부산광역시,수영구,광역의원,5261502,수영구제2선거구,1,김보언,23311,최영아,17598,5713,1,0,0,참고,부족 투표소가 해당 선거구에 속하는지는 투표소명 또는 읍면동이 공개된 경우에만 별도 확인 필요,https://info.nec.go.kr/main/showDocument.xhtml?electionId=0020260603&topMenuId=VC&secondMenuId=VCCP08
서울특별시,동작구,기초의원,6112003,동작구다선거구,2,최무근,11691,정동연,5641,6050,1,1,0,참고,부족 투표소가 해당 선거구에 속하는지는 투표소명 또는 읍면동이 공개된 경우에만 별도 확인 필요,https://info.nec.go.kr/main/showDocument.xhtml?electionId=0020260603&topMenuId=VC&secondMenuId=VCCP08
부산광역시,수영구,기초의원,6261504,수영구라선거구,2,이대웅,8219,김종근,2108,6111,1,0,0,참고,부족 투표소가 해당 선거구에 속하는지는 투표소명 또는 읍면동이 공개된 경우에만 별도 확인 필요,https://info.nec.go.kr/main/showDocument.xhtml?electionId=0020260603&topMenuId=VC&secondMenuId=VCCP08
대구광역시,달서구,광역의원,5270704,달서구제4선거구,1,이태손,24738,우영식,18558,6180,2,0,0,참고,부족 투표소가 해당 선거구에 속하는지는 투표소명 또는 읍면동이 공개된 경우에만 별도 확인 필요,https://info.nec.go.kr/main/showDocument.xhtml?electionId=0020260603&topMenuId=VC&secondMenuId=VCCP08
서울특별시,성북구,기초의원,6110806,성북구바선거구,2,김태균,7570,노진한,1339,6231,8,0,0,참고,부족 투표소가 해당 선거구에 속하는지는 투표소명 또는 읍면동이 공개된 경우에만 별도 확인 필요,https://info.nec.go.kr/main/showDocument.xhtml?electionId=0020260603&topMenuId=VC&secondMenuId=VCCP08
울산광역시,북구,광역의원,5310401,북구제1선거구,1,손근호,21003,김상태,14710,6293,1,0,0,참고,부족 투표소가 해당 선거구에 속하는지는 투표소명 또는 읍면동이 공개된 경우에만 별도 확인 필요,https://info.nec.go.kr/main/showDocument.xhtml?electionId=0020260603&topMenuId=VC&secondMenuId=VCCP08
서울특별시,서초구,기초의원,6112203,서초구다선거구,3,유지웅,10929,조현선,4312,6617,2,2,0,참고,부족 투표소가 해당 선거구에 속하는지는 투표소명 또는 읍면동이 공개된 경우에만 별도 확인 필요,https://info.nec.go.kr/main/showDocument.xhtml?electionId=0020260603&topMenuId=VC&secondMenuId=VCCP08
인천광역시,연수구,광역의원,5280405,연수구제5선거구,1,이강구,23146,장성숙,16466,6680,6,2,2,참고,부족 투표소가 해당 선거구에 속하는지는 투표소명 또는 읍면동이 공개된 경우에만 별도 확인 필요,https://info.nec.go.kr/main/showDocument.xhtml?electionId=0020260603&topMenuId=VC&secondMenuId=VCCP08
울산광역시,남구,광역의원,5310201,남구제1선거구,1,박용걸,21049,안창률,14365,6684,1,0,0,참고,부족 투표소가 해당 선거구에 속하는지는 투표소명 또는 읍면동이 공개된 경우에만 별도 확인 필요,https://info.nec.go.kr/main/showDocument.xhtml?electionId=0020260603&topMenuId=VC&secondMenuId=VCCP08
서울특별시,강서구,기초의원,6111608,강서구아선거구,2,김현진,11022,김용정,4074,6948,2,0,0,참고,부족 투표소가 해당 선거구에 속하는지는 투표소명 또는 읍면동이 공개된 경우에만 별도 확인 필요,https://info.nec.go.kr/main/showDocument.xhtml?electionId=0020260603&topMenuId=VC&secondMenuId=VCCP08
서울특별시,동작구,기초의원,6112001,동작구가선거구,2,오재영,9319,정재천,2364,6955,1,1,0,참고,부족 투표소가 해당 선거구에 속하는지는 투표소명 또는 읍면동이 공개된 경우에만 별도 확인 필요,https://info.nec.go.kr/main/showDocument.xhtml?electionId=0020260603&topMenuId=VC&secondMenuId=VCCP08
서울특별시,강서구,기초의원,6111604,강서구라선거구,3,양진석,9132,안도연,1981,7151,2,0,0,참고,부족 투표소가 해당 선거구에 속하는지는 투표소명 또는 읍면동이 공개된 경우에만 별도 확인 필요,https://info.nec.go.kr/main/showDocument.xhtml?electionId=0020260603&topMenuId=VC&secondMenuId=VCCP08
부산광역시,북구,기초의원,6260803,북구다선거구,2,김성택,11839,박성복,4589,7250,2,0,0,참고,부족 투표소가 해당 선거구에 속하는지는 투표소명 또는 읍면동이 공개된 경우에만 별도 확인 필요,https://info.nec.go.kr/main/showDocument.xhtml?electionId=0020260603&topMenuId=VC&secondMenuId=VCCP08
서울특별시,강남구,기초의원,6112305,강남구마선거구,2,이상애,11103,하숙자,3680,7423,4,2,0,참고,부족 투표소가 해당 선거구에 속하는지는 투표소명 또는 읍면동이 공개된 경우에만 별도 확인 필요,https://info.nec.go.kr/main/showDocument.xhtml?electionId=0020260603&topMenuId=VC&secondMenuId=VCCP08
대구광역시,달서구,기초의원,6270704,달서구라선거구,2,남은경,11651,강한곤,4204,7447,2,0,0,참고,부족 투표소가 해당 선거구에 속하는지는 투표소명 또는 읍면동이 공개된 경우에만 별도 확인 필요,https://info.nec.go.kr/main/showDocument.xhtml?electionId=0020260603&topMenuId=VC&secondMenuId=VCCP08
서울특별시,강서구,기초의원,6111607,강서구사선거구,2,지주용,8265,정수연,804,7461,2,0,0,참고,부족 투표소가 해당 선거구에 속하는지는 투표소명 또는 읍면동이 공개된 경우에만 별도 확인 필요,https://info.nec.go.kr/main/showDocument.xhtml?electionId=0020260603&topMenuId=VC&secondMenuId=VCCP08
서울특별시,성북구,광역의원,5110801,성북구제1선거구,1,한신,30287,서미나,22688,7599,8,0,0,참고,부족 투표소가 해당 선거구에 속하는지는 투표소명 또는 읍면동이 공개된 경우에만 별도 확인 필요,https://info.nec.go.kr/main/showDocument.xhtml?electionId=0020260603&topMenuId=VC&secondMenuId=VCCP08
대구광역시,달서구,광역의원,5270703,달서구제3선거구,1,오명환,22393,차우미,14722,7671,2,0,0,참고,부족 투표소가 해당 선거구에 속하는지는 투표소명 또는 읍면동이 공개된 경우에만 별도 확인 필요,https://info.nec.go.kr/main/showDocument.xhtml?electionId=0020260603&topMenuId=VC&secondMenuId=VCCP08
대구광역시,달성군,광역의원,5270803,달성군제3선거구,1,배창규,27946,박영동,20183,7763,2,0,0,참고,부족 투표소가 해당 선거구에 속하는지는 투표소명 또는 읍면동이 공개된 경우에만 별도 확인 필요,https://info.nec.go.kr/main/showDocument.xhtml?electionId=0020260603&topMenuId=VC&secondMenuId=VCCP08
울산광역시,남구,기초의원,6310203,남구다선거구,2,김우성,11282,홍성민,3495,7787,1,0,0,참고,부족 투표소가 해당 선거구에 속하는지는 투표소명 또는 읍면동이 공개된 경우에만 별도 확인 필요,https://info.nec.go.kr/main/showDocument.xhtml?electionId=0020260603&topMenuId=VC&secondMenuId=VCCP08
울산광역시,남구,기초의원,6310206,남구바선거구,2,김현정,9613,국일선,1781,7832,1,0,0,참고,부족 투표소가 해당 선거구에 속하는지는 투표소명 또는 읍면동이 공개된 경우에만 별도 확인 필요,https://info.nec.go.kr/main/showDocument.xhtml?electionId=0020260603&topMenuId=VC&secondMenuId=VCCP08
부산광역시,부산진구,기초의원,6260505,부산진구마선거구,2,김철현,9218,김동효,1352,7866,1,0,0,참고,부족 투표소가 해당 선거구에 속하는지는 투표소명 또는 읍면동이 공개된 경우에만 별도 확인 필요,https://info.nec.go.kr/main/showDocument.xhtml?electionId=0020260603&topMenuId=VC&secondMenuId=VCCP08
부산광역시,금정구,광역의원,5261202,금정구제2선거구,1,이준호,32297,임성태,24395,7902,1,0,0,참고,부족 투표소가 해당 선거구에 속하는지는 투표소명 또는 읍면동이 공개된 경우에만 별도 확인 필요,https://info.nec.go.kr/main/showDocument.xhtml?electionId=0020260603&topMenuId=VC&secondMenuId=VCCP08
부산광역시,금정구,기초의원,6261201,금정구가선거구,2,양달막,9573,조현조,1561,8012,1,0,0,참고,부족 투표소가 해당 선거구에 속하는지는 투표소명 또는 읍면동이 공개된 경우에만 별도 확인 필요,https://info.nec.go.kr/main/showDocument.xhtml?electionId=0020260603&topMenuId=VC&secondMenuId=VCCP08
서울특별시,강서구,광역의원,5111606,강서구제6선거구,1,김병진,28857,신찬호,20787,8070,2,0,0,참고,부족 투표소가 해당 선거구에 속하는지는 투표소명 또는 읍면동이 공개된 경우에만 별도 확인 필요,https://info.nec.go.kr/main/showDocument.xhtml?electionId=0020260603&topMenuId=VC&secondMenuId=VCCP08
울산광역시,중구,기초의원,6310101,중구가선거구,2,김태욱,12825,이현부,4748,8077,1,0,0,참고,부족 투표소가 해당 선거구에 속하는지는 투표소명 또는 읍면동이 공개된 경우에만 별도 확인 필요,https://info.nec.go.kr/main/showDocument.xhtml?electionId=0020260603&topMenuId=VC&secondMenuId=VCCP08
부산광역시,금정구,광역의원,5261201,금정구제1선거구,1,하은미,33269,김지윤,25150,8119,1,0,0,참고,부족 투표소가 해당 선거구에 속하는지는 투표소명 또는 읍면동이 공개된 경우에만 별도 확인 필요,https://info.nec.go.kr/main/showDocument.xhtml?electionId=0020260603&topMenuId=VC&secondMenuId=VCCP08
대구광역시,북구,광역의원,5270505,북구제5선거구,1,김재용,20611,김규학,12452,8159,1,0,0,참고,부족 투표소가 해당 선거구에 속하는지는 투표소명 또는 읍면동이 공개된 경우에만 별도 확인 필요,https://info.nec.go.kr/main/showDocument.xhtml?electionId=0020260603&topMenuId=VC&secondMenuId=VCCP08
부산광역시,북구,광역의원,5260802,북구제2선거구,1,김효정,25009,이순영,16746,8263,2,0,0,참고,부족 투표소가 해당 선거구에 속하는지는 투표소명 또는 읍면동이 공개된 경우에만 별도 확인 필요,https://info.nec.go.kr/main/showDocument.xhtml?electionId=0020260603&topMenuId=VC&secondMenuId=VCCP08
부산광역시,금정구,기초의원,6261203,금정구다선거구,2,윤치호,9173,권민찬,822,8351,1,0,0,참고,부족 투표소가 해당 선거구에 속하는지는 투표소명 또는 읍면동이 공개된 경우에만 별도 확인 필요,https://info.nec.go.kr/main/showDocument.xhtml?electionId=0020260603&topMenuId=VC&secondMenuId=VCCP08
울산광역시,북구,기초의원,6310401,북구가선거구,2,최병협,12074,김효증,3580,8494,1,0,0,참고,부족 투표소가 해당 선거구에 속하는지는 투표소명 또는 읍면동이 공개된 경우에만 별도 확인 필요,https://info.nec.go.kr/main/showDocument.xhtml?electionId=0020260603&topMenuId=VC&secondMenuId=VCCP08
대구광역시,북구,광역의원,5270504,북구제4선거구,1,허정수,26211,김지연,17664,8547,1,0,0,참고,부족 투표소가 해당 선거구에 속하는지는 투표소명 또는 읍면동이 공개된 경우에만 별도 확인 필요,https://info.nec.go.kr/main/showDocument.xhtml?electionId=0020260603&topMenuId=VC&secondMenuId=VCCP08
서울특별시,송파구,기초의원,6112410,송파구차선거구,2,채승우,12809,김진호,4060,8749,15,8,1,참고,부족 투표소가 해당 선거구에 속하는지는 투표소명 또는 읍면동이 공개된 경우에만 별도 확인 필요,https://info.nec.go.kr/main/showDocument.xhtml?electionId=0020260603&topMenuId=VC&secondMenuId=VCCP08
인천광역시,연수구,기초의원,6280403,연수구다선거구,2,탁현수,11283,이원우,2534,8749,6,2,2,참고,부족 투표소가 해당 선거구에 속하는지는 투표소명 또는 읍면동이 공개된 경우에만 별도 확인 필요,https://info.nec.go.kr/main/showDocument.xhtml?electionId=0020260603&topMenuId=VC&secondMenuId=VCCP08
울산광역시,남구,기초의원,6310202,남구나선거구,2,이혜인,10505,장현진,1716,8789,1,0,0,참고,부족 투표소가 해당 선거구에 속하는지는 투표소명 또는 읍면동이 공개된 경우에만 별도 확인 필요,https://info.nec.go.kr/main/showDocument.xhtml?electionId=0020260603&topMenuId=VC&secondMenuId=VCCP08
인천광역시,연수구,기초의원,6280402,연수구나선거구,2,한성민,13113,김일중,4303,8810,6,2,2,참고,부족 투표소가 해당 선거구에 속하는지는 투표소명 또는 읍면동이 공개된 경우에만 별도 확인 필요,https://info.nec.go.kr/main/showDocument.xhtml?electionId=0020260603&topMenuId=VC&secondMenuId=VCCP08
경상남도,창원시성산구,기초의원,6482201,창원시라선거구,2,박해정,13896,오은옥,5034,8862,3,0,0,참고,부족 투표소가 해당 선거구에 속하는지는 투표소명 또는 읍면동이 공개된 경우에만 별도 확인 필요,https://info.nec.go.kr/main/showDocument.xhtml?electionId=0020260603&topMenuId=VC&secondMenuId=VCCP08
대구광역시,달서구,광역의원,5270707,달서구제7선거구,1,김해철,19062,이진환,10165,8897,2,0,0,참고,부족 투표소가 해당 선거구에 속하는지는 투표소명 또는 읍면동이 공개된 경우에만 별도 확인 필요,https://info.nec.go.kr/main/showDocument.xhtml?electionId=0020260603&topMenuId=VC&secondMenuId=VCCP08
대구광역시,남구,광역의원,5270401,남구제1선거구,1,권오섭,24285,이정현,15311,8974,1,0,0,참고,부족 투표소가 해당 선거구에 속하는지는 투표소명 또는 읍면동이 공개된 경우에만 별도 확인 필요,https://info.nec.go.kr/main/showDocument.xhtml?electionId=0020260603&topMenuId=VC&secondMenuId=VCCP08
서울특별시,강남구,광역의원,5112304,강남구제4선거구,1,유만희,34870,안형순,25847,9023,4,2,0,참고,부족 투표소가 해당 선거구에 속하는지는 투표소명 또는 읍면동이 공개된 경우에만 별도 확인 필요,https://info.nec.go.kr/main/showDocument.xhtml?electionId=0020260603&topMenuId=VC&secondMenuId=VCCP08
부산광역시,수영구,기초의원,6261502,수영구나선거구,2,이나견,10618,최승호,1559,9059,1,0,0,참고,부족 투표소가 해당 선거구에 속하는지는 투표소명 또는 읍면동이 공개된 경우에만 별도 확인 필요,https://info.nec.go.kr/main/showDocument.xhtml?electionId=0020260603&topMenuId=VC&secondMenuId=VCCP08
서울특별시,강서구,광역의원,5111601,강서구제1선거구,1,고찬양,26850,한지산,17602,9248,2,0,0,참고,부족 투표소가 해당 선거구에 속하는지는 투표소명 또는 읍면동이 공개된 경우에만 별도 확인 필요,https://info.nec.go.kr/main/showDocument.xhtml?electionId=0020260603&topMenuId=VC&secondMenuId=VCCP08
대구광역시,동구,광역의원,5270204,동구제4선거구,1,이재숙,30373,박동규,21059,9314,1,0,0,참고,부족 투표소가 해당 선거구에 속하는지는 투표소명 또는 읍면동이 공개된 경우에만 별도 확인 필요,https://info.nec.go.kr/main/showDocument.xhtml?electionId=0020260603&topMenuId=VC&secondMenuId=VCCP08
울산광역시,남구,기초의원,6310204,남구라선거구,2,박인서,11675,강미라,2141,9534,1,0,0,참고,부족 투표소가 해당 선거구에 속하는지는 투표소명 또는 읍면동이 공개된 경우에만 별도 확인 필요,https://info.nec.go.kr/main/showDocument.xhtml?electionId=0020260603&topMenuId=VC&secondMenuId=VCCP08
서울특별시,송파구,광역의원,5112401,송파구제1선거구,1,윤유진,28196,김정열,18579,9617,15,8,1,참고,부족 투표소가 해당 선거구에 속하는지는 투표소명 또는 읍면동이 공개된 경우에만 별도 확인 필요,https://info.nec.go.kr/main/showDocument.xhtml?electionId=0020260603&topMenuId=VC&secondMenuId=VCCP08
서울특별시,강서구,기초의원,6111603,강서구다선거구,2,김희동,10337,안성현,614,9723,2,0,0,참고,부족 투표소가 해당 선거구에 속하는지는 투표소명 또는 읍면동이 공개된 경우에만 별도 확인 필요,https://info.nec.go.kr/main/showDocument.xhtml?electionId=0020260603&topMenuId=VC&secondMenuId=VCCP08
서울특별시,성북구,광역의원,5110802,성북구제2선거구,1,목소영,36146,김종길,25904,10242,8,0,0,참고,부족 투표소가 해당 선거구에 속하는지는 투표소명 또는 읍면동이 공개된 경우에만 별도 확인 필요,https://info.nec.go.kr/main/showDocument.xhtml?electionId=0020260603&topMenuId=VC&secondMenuId=VCCP08
서울특별시,강남구,광역의원,5112302,강남구제2선거구,1,강신욱,25915,황선수,15522,10393,4,2,0,참고,부족 투표소가 해당 선거구에 속하는지는 투표소명 또는 읍면동이 공개된 경우에만 별도 확인 필요,https://info.nec.go.kr/main/showDocument.xhtml?electionId=0020260603&topMenuId=VC&secondMenuId=VCCP08
서울특별시,강서구,기초의원,6111602,강서구나선거구,2,정재봉,12087,이상욱,1580,10507,2,0,0,참고,부족 투표소가 해당 선거구에 속하는지는 투표소명 또는 읍면동이 공개된 경우에만 별도 확인 필요,https://info.nec.go.kr/main/showDocument.xhtml?electionId=0020260603&topMenuId=VC&secondMenuId=VCCP08
대구광역시,달서구,광역의원,5270705,달서구제5선거구,1,진미숙,23785,김태형,13181,10604,2,0,0,참고,부족 투표소가 해당 선거구에 속하는지는 투표소명 또는 읍면동이 공개된 경우에만 별도 확인 필요,https://info.nec.go.kr/main/showDocument.xhtml?electionId=0020260603&topMenuId=VC&secondMenuId=VCCP08
대구광역시,달성군,광역의원,5270801,달성군제1선거구,1,하중환,20793,김소형,10094,10699,2,0,0,참고,부족 투표소가 해당 선거구에 속하는지는 투표소명 또는 읍면동이 공개된 경우에만 별도 확인 필요,https://info.nec.go.kr/main/showDocument.xhtml?electionId=0020260603&topMenuId=VC&secondMenuId=VCCP08
인천광역시,연수구,기초의원,6280406,연수구바선거구,2,이상곤,11700,강신학,986,10714,6,2,2,참고,부족 투표소가 해당 선거구에 속하는지는 투표소명 또는 읍면동이 공개된 경우에만 별도 확인 필요,https://info.nec.go.kr/main/showDocument.xhtml?electionId=0020260603&topMenuId=VC&secondMenuId=VCCP08
대구광역시,북구,광역의원,5270503,북구제3선거구,1,최수열,28202,김태훈,17251,10951,1,0,0,참고,부족 투표소가 해당 선거구에 속하는지는 투표소명 또는 읍면동이 공개된 경우에만 별도 확인 필요,https://info.nec.go.kr/main/showDocument.xhtml?electionId=0020260603&topMenuId=VC&secondMenuId=VCCP08
서울특별시,송파구,기초의원,6112407,송파구사선거구,2,박인섭,13227,이하식,2265,10962,15,8,1,참고,부족 투표소가 해당 선거구에 속하는지는 투표소명 또는 읍면동이 공개된 경우에만 별도 확인 필요,https://info.nec.go.kr/main/showDocument.xhtml?electionId=0020260603&topMenuId=VC&secondMenuId=VCCP08
인천광역시,연수구,기초의원,6280401,연수구가선거구,2,이정은,12994,황충하,1092,11902,6,2,2,참고,부족 투표소가 해당 선거구에 속하는지는 투표소명 또는 읍면동이 공개된 경우에만 별도 확인 필요,https://info.nec.go.kr/main/showDocument.xhtml?electionId=0020260603&topMenuId=VC&secondMenuId=VCCP08
대구광역시,북구,광역의원,5270501,북구제1선거구,1,류종우,30168,이명복,18242,11926,1,0,0,참고,부족 투표소가 해당 선거구에 속하는지는 투표소명 또는 읍면동이 공개된 경우에만 별도 확인 필요,https://info.nec.go.kr/main/showDocument.xhtml?electionId=0020260603&topMenuId=VC&secondMenuId=VCCP08
서울특별시,성북구,광역의원,5110803,성북구제3선거구,1,강동길,38704,권민성,26736,11968,8,0,0,참고,부족 투표소가 해당 선거구에 속하는지는 투표소명 또는 읍면동이 공개된 경우에만 별도 확인 필요,https://info.nec.go.kr/main/showDocument.xhtml?electionId=0020260603&topMenuId=VC&secondMenuId=VCCP08
대구광역시,달서구,광역의원,5270706,달서구제6선거구,1,김주범,24417,김정희,12372,12045,2,0,0,참고,부족 투표소가 해당 선거구에 속하는지는 투표소명 또는 읍면동이 공개된 경우에만 별도 확인 필요,https://info.nec.go.kr/main/showDocument.xhtml?electionId=0020260603&topMenuId=VC&secondMenuId=VCCP08
대구광역시,달서구,광역의원,5270702,달서구제2선거구,1,김기열,23049,장갑호,10829,12220,2,0,0,참고,부족 투표소가 해당 선거구에 속하는지는 투표소명 또는 읍면동이 공개된 경우에만 별도 확인 필요,https://info.nec.go.kr/main/showDocument.xhtml?electionId=0020260603&topMenuId=VC&secondMenuId=VCCP08
대구광역시,동구,광역의원,5270203,동구제3선거구,1,김정민,26201,이종현,13881,12320,1,0,0,참고,부족 투표소가 해당 선거구에 속하는지는 투표소명 또는 읍면동이 공개된 경우에만 별도 확인 필요,https://info.nec.go.kr/main/showDocument.xhtml?electionId=0020260603&topMenuId=VC&secondMenuId=VCCP08
울산광역시,남구,기초의원,6310201,남구가선거구,2,강지윤,14841,김언지,2249,12592,1,0,0,참고,부족 투표소가 해당 선거구에 속하는지는 투표소명 또는 읍면동이 공개된 경우에만 별도 확인 필요,https://info.nec.go.kr/main/showDocument.xhtml?electionId=0020260603&topMenuId=VC&secondMenuId=VCCP08
대구광역시,달서구,광역의원,5270701,달서구제1선거구,1,이영애,29696,김민환,16656,13040,2,0,0,참고,부족 투표소가 해당 선거구에 속하는지는 투표소명 또는 읍면동이 공개된 경우에만 별도 확인 필요,https://info.nec.go.kr/main/showDocument.xhtml?electionId=0020260603&topMenuId=VC&secondMenuId=VCCP08
대구광역시,남구,광역의원,5270402,남구제2선거구,1,고병수,24603,이도겸,11313,13290,1,0,0,참고,부족 투표소가 해당 선거구에 속하는지는 투표소명 또는 읍면동이 공개된 경우에만 별도 확인 필요,https://info.nec.go.kr/main/showDocument.xhtml?electionId=0020260603&topMenuId=VC&secondMenuId=VCCP08
대구광역시,달성군,광역의원,5270802,달성군제2선거구,1,최재규,33917,이대곤,20210,13707,2,0,0,참고,부족 투표소가 해당 선거구에 속하는지는 투표소명 또는 읍면동이 공개된 경우에만 별도 확인 필요,https://info.nec.go.kr/main/showDocument.xhtml?electionId=0020260603&topMenuId=VC&secondMenuId=VCCP08
서울특별시,송파구,광역의원,5112404,송파구제4선거구,1,이성배,43411,이진용,29621,13790,15,8,1,참고,부족 투표소가 해당 선거구에 속하는지는 투표소명 또는 읍면동이 공개된 경우에만 별도 확인 필요,https://info.nec.go.kr/main/showDocument.xhtml?electionId=0020260603&topMenuId=VC&secondMenuId=VCCP08
서울특별시,서초구,광역의원,5112204,서초구제4선거구,1,이효진,44181,이완형,29512,14669,2,2,0,참고,부족 투표소가 해당 선거구에 속하는지는 투표소명 또는 읍면동이 공개된 경우에만 별도 확인 필요,https://info.nec.go.kr/main/showDocument.xhtml?electionId=0020260603&topMenuId=VC&secondMenuId=VCCP08
서울특별시,서초구,광역의원,5112202,서초구제2선거구,1,이숙자,32081,박재형,17272,14809,2,2,0,참고,부족 투표소가 해당 선거구에 속하는지는 투표소명 또는 읍면동이 공개된 경우에만 별도 확인 필요,https://info.nec.go.kr/main/showDocument.xhtml?electionId=0020260603&topMenuId=VC&secondMenuId=VCCP08
서울특별시,강남구,광역의원,5112303,강남구제3선거구,1,이인화,32134,조유란,16746,15388,4,2,0,참고,부족 투표소가 해당 선거구에 속하는지는 투표소명 또는 읍면동이 공개된 경우에만 별도 확인 필요,https://info.nec.go.kr/main/showDocument.xhtml?electionId=0020260603&topMenuId=VC&secondMenuId=VCCP08
인천광역시,연수구,기초의원,6280404,연수구라선거구,2,노광주,18678,이성실,2936,15742,6,2,2,참고,부족 투표소가 해당 선거구에 속하는지는 투표소명 또는 읍면동이 공개된 경우에만 별도 확인 필요,https://info.nec.go.kr/main/showDocument.xhtml?electionId=0020260603&topMenuId=VC&secondMenuId=VCCP08
서울특별시,강서구,기초의원,6111606,강서구바선거구,2,김희선,19301,한명희,3115,16186,2,0,0,참고,부족 투표소가 해당 선거구에 속하는지는 투표소명 또는 읍면동이 공개된 경우에만 별도 확인 필요,https://info.nec.go.kr/main/showDocument.xhtml?electionId=0020260603&topMenuId=VC&secondMenuId=VCCP08
대구광역시,북구,광역의원,5270502,북구제2선거구,1,박현규,32948,임미연,16619,16329,1,0,0,참고,부족 투표소가 해당 선거구에 속하는지는 투표소명 또는 읍면동이 공개된 경우에만 별도 확인 필요,https://info.nec.go.kr/main/showDocument.xhtml?electionId=0020260603&topMenuId=VC&secondMenuId=VCCP08
서울특별시,서초구,광역의원,5112203,서초구제3선거구,1,고광민,31839,강여정,15385,16454,2,2,0,참고,부족 투표소가 해당 선거구에 속하는지는 투표소명 또는 읍면동이 공개된 경우에만 별도 확인 필요,https://info.nec.go.kr/main/showDocument.xhtml?electionId=0020260603&topMenuId=VC&secondMenuId=VCCP08
대구광역시,동구,광역의원,5270201,동구제1선거구,1,이원우,37027,도근환,20204,16823,1,0,0,참고,부족 투표소가 해당 선거구에 속하는지는 투표소명 또는 읍면동이 공개된 경우에만 별도 확인 필요,https://info.nec.go.kr/main/showDocument.xhtml?electionId=0020260603&topMenuId=VC&secondMenuId=VCCP08
서울특별시,강남구,광역의원,5112306,강남구제6선거구,1,김길영,30349,김영빈,12197,18152,4,2,0,참고,부족 투표소가 해당 선거구에 속하는지는 투표소명 또는 읍면동이 공개된 경우에만 별도 확인 필요,https://info.nec.go.kr/main/showDocument.xhtml?electionId=0020260603&topMenuId=VC&secondMenuId=VCCP08
서울특별시,강남구,광역의원,5112305,강남구제5선거구,1,이도희,35370,김숭선,13474,21896,4,2,0,참고,부족 투표소가 해당 선거구에 속하는지는 투표소명 또는 읍면동이 공개된 경우에만 별도 확인 필요,https://info.nec.go.kr/main/showDocument.xhtml?electionId=0020260603&topMenuId=VC&secondMenuId=VCCP08
서울특별시,서초구,광역의원,5112201,서초구제1선거구,1,김지훈,37983,전태우,15691,22292,2,2,0,참고,부족 투표소가 해당 선거구에 속하는지는 투표소명 또는 읍면동이 공개된 경우에만 별도 확인 필요,https://info.nec.go.kr/main/showDocument.xhtml?electionId=0020260603&topMenuId=VC&secondMenuId=VCCP08
서울특별시,강남구,광역의원,5112301,강남구제1선거구,1,민경희,33168,김선경,5856,27312,4,2,0,참고,부족 투표소가 해당 선거구에 속하는지는 투표소명 또는 읍면동이 공개된 경우에만 별도 확인 필요,https://info.nec.go.kr/main/showDocument.xhtml?electionId=0020260603&topMenuId=VC&secondMenuId=VCCP08