시도코드,시도,구시군코드,구시군,읍면동명,투표구번호,ps_name_key,ps_name_key_alt,placeName,addr,확정선거인수,확정_50pct_기준장수,확정_60pct_기준장수,확정_70pct_기준장수,확정_선거인수_전국분위,확정_선거인수_구시군분위,확정_선거인수_동분위,동_실제투표수,추정_투표소비율,추정_선거일투표수,추정_50pct초과여부,추정_배부기준대비초과량,추정값_주의,라벨_부족확인,라벨_투표중단,라벨_부족구시군
4400,충청남도,4416,당진시,당진1동,제5투,당진1동제5투,,"수청중학교(2층, 청솔관)",충청남도 당진시 수청3로 42 (수청동),8457.0,4228,5074,5919,1.0,1.0,1.0,11088,0.2573,2853.0,False,0.0,BIPB02는 선거인명부 확정상황 기준이며 실제 투표용지 배부량과 동일하지 않음. 투표소별 실제 선거일 투표수는 미공개이므로 추정 투표수는 동 단위 투표수를 선거인수 비율로 배분한 값이며 실측값이 아님. 배부 기준 초과 여부는 추정값 기반이며 실제 부족을 확정하지 않음.,False,False,False
4800,경상남도,4808,김해시,장유1동,제8투,장유1동제8투,,장유중학교 체육관(1층),경상남도 김해시 장유로 420 (신문동),8004.0,4002,4802,5602,0.9999,1.0,1.0,21982,0.1362,2994.0,False,0.0,BIPB02는 선거인명부 확정상황 기준이며 실제 투표용지 배부량과 동일하지 않음. 투표소별 실제 선거일 투표수는 미공개이므로 추정 투표수는 동 단위 투표수를 선거인수 비율로 배분한 값이며 실측값이 아님. 배부 기준 초과 여부는 추정값 기반이며 실제 부족을 확정하지 않음.,False,False,False
4100,경기도,4135,용인시처인구,유림2동,제5투,유림2동제5투,,"고림고등학교(A동1층, 학교운영위원회실)",경기도 용인시 처인구 고림로 165 (고림동),7833.0,3916,4699,5483,0.9998,1.0,1.0,11238,0.2516,2827.0,False,0.0,BIPB02는 선거인명부 확정상황 기준이며 실제 투표용지 배부량과 동일하지 않음. 투표소별 실제 선거일 투표수는 미공개이므로 추정 투표수는 동 단위 투표수를 선거인수 비율로 배분한 값이며 실측값이 아님. 배부 기준 초과 여부는 추정값 기반이며 실제 부족을 확정하지 않음.,False,False,False
4100,경기도,4126,남양주시,다산2동,제1투,다산2동제1투,다산2동투표소,"다산2동주민센터(4층, 대회의실)",경기도 남양주시 다산지금로16번길 75 (다산동),7784.0,3892,4670,5448,0.9998,1.0,1.0,12203,0.2639,3220.0,False,0.0,BIPB02는 선거인명부 확정상황 기준이며 실제 투표용지 배부량과 동일하지 않음. 투표소별 실제 선거일 투표수는 미공개이므로 추정 투표수는 동 단위 투표수를 선거인수 비율로 배분한 값이며 실측값이 아님. 배부 기준 초과 여부는 추정값 기반이며 실제 부족을 확정하지 않음.,False,False,False
4300,충청북도,4304,제천시,교동,제2투,교동제2투,,"삼척중앙초등학교 교사 3동(2층, 다목적실)",강원특별자치도 삼척시 새천년도로 630-121 (갈천동),7635.0,3817,4581,5344,0.9997,1.0,1.0,5807,0.4514,2621.0,False,0.0,BIPB02는 선거인명부 확정상황 기준이며 실제 투표용지 배부량과 동일하지 않음. 투표소별 실제 선거일 투표수는 미공개이므로 추정 투표수는 동 단위 투표수를 선거인수 비율로 배분한 값이며 실측값이 아님. 배부 기준 초과 여부는 추정값 기반이며 실제 부족을 확정하지 않음.,False,False,False
4400,충청남도,4406,태안군,태안읍,제7투,태안읍제7투,,"태안읍행정복지센터(태안읍사무소, 1층, 회의실)",충청남도 태안군 태안읍 백화로 54,7544.0,3772,4526,5280,0.9996,1.0,1.0,9076,0.3182,2888.0,False,0.0,BIPB02는 선거인명부 확정상황 기준이며 실제 투표용지 배부량과 동일하지 않음. 투표소별 실제 선거일 투표수는 미공개이므로 추정 투표수는 동 단위 투표수를 선거인수 비율로 배분한 값이며 실측값이 아님. 배부 기준 초과 여부는 추정값 기반이며 실제 부족을 확정하지 않음.,False,False,False
4100,경기도,4131,하남시,미사1동,제8투,미사1동제8투,,"하남종합운동장(2층, 다목적체육관)",경기도 하남시 아리수로 600 (망월동),7515.0,3757,4509,5260,0.9995,1.0,1.0,16483,0.1618,2667.0,False,0.0,BIPB02는 선거인명부 확정상황 기준이며 실제 투표용지 배부량과 동일하지 않음. 투표소별 실제 선거일 투표수는 미공개이므로 추정 투표수는 동 단위 투표수를 선거인수 비율로 배분한 값이며 실측값이 아님. 배부 기준 초과 여부는 추정값 기반이며 실제 부족을 확정하지 않음.,False,False,False
4100,경기도,4135,용인시처인구,모현읍,제7투,모현읍제7투,,"도현초중통합학교(본관1층, 로비)",경기도 용인시 처인구 모현읍 왕산로 15 (왕산리),7453.0,3726,4471,5217,0.9994,0.9787,1.0,10447,0.2487,2598.0,False,0.0,BIPB02는 선거인명부 확정상황 기준이며 실제 투표용지 배부량과 동일하지 않음. 투표소별 실제 선거일 투표수는 미공개이므로 추정 투표수는 동 단위 투표수를 선거인수 비율로 배분한 값이며 실측값이 아님. 배부 기준 초과 여부는 추정값 기반이며 실제 부족을 확정하지 않음.,False,False,False
4100,경기도,4140,광주시,탄벌동,제5투,탄벌동제5투,,회덕1통 마을회관(1층),경기도 광주시 회덕길 1 (회덕동),7445.0,3722,4467,5211,0.9993,1.0,1.0,12242,0.1982,2426.0,False,0.0,BIPB02는 선거인명부 확정상황 기준이며 실제 투표용지 배부량과 동일하지 않음. 투표소별 실제 선거일 투표수는 미공개이므로 추정 투표수는 동 단위 투표수를 선거인수 비율로 배분한 값이며 실측값이 아님. 배부 기준 초과 여부는 추정값 기반이며 실제 부족을 확정하지 않음.,False,False,False
5300,전북특별자치도,5310,완주군,삼례읍,제4투,삼례읍제4투,,"삼례동초등학교(1층, 현관)",전북특별자치도 완주군 삼례읍 삼봉4로 9,7443.0,3721,4465,5210,0.9993,1.0,1.0,5297,0.3935,2084.0,False,0.0,BIPB02는 선거인명부 확정상황 기준이며 실제 투표용지 배부량과 동일하지 않음. 투표소별 실제 선거일 투표수는 미공개이므로 추정 투표수는 동 단위 투표수를 선거인수 비율로 배분한 값이며 실측값이 아님. 배부 기준 초과 여부는 추정값 기반이며 실제 부족을 확정하지 않음.,False,False,False
4800,경상남도,4808,김해시,장유1동,제10투,장유1동제10투,,"신문초등학교(1층, 다목적실)",경상남도 김해시 신문1로 10 (신문동),7427.0,3713,4456,5198,0.9992,0.9913,0.9,21982,0.1264,2779.0,False,0.0,BIPB02는 선거인명부 확정상황 기준이며 실제 투표용지 배부량과 동일하지 않음. 투표소별 실제 선거일 투표수는 미공개이므로 추정 투표수는 동 단위 투표수를 선거인수 비율로 배분한 값이며 실측값이 아님. 배부 기준 초과 여부는 추정값 기반이며 실제 부족을 확정하지 않음.,False,False,False
4100,경기도,4156,화성시동탄구,동탄7동,제5투,동탄7동제5투,,"이솔고등학교(1층, 로비)",경기도 화성시 동탄구 동탄순환대로7길 10 (산척동),7424.0,3712,4454,5196,0.9991,1.0,1.0,16615,0.1681,2793.0,False,0.0,BIPB02는 선거인명부 확정상황 기준이며 실제 투표용지 배부량과 동일하지 않음. 투표소별 실제 선거일 투표수는 미공개이므로 추정 투표수는 동 단위 투표수를 선거인수 비율로 배분한 값이며 실측값이 아님. 배부 기준 초과 여부는 추정값 기반이며 실제 부족을 확정하지 않음.,False,False,False
4100,경기도,4135,용인시처인구,역북동,제3투,역북동제3투,,"용인고등학교(본관1층, 가정과학실)",경기도 용인시 처인구 금학로253번길 20-21 (역북동),7420.0,3710,4452,5194,0.999,0.9574,1.0,9738,0.2543,2476.0,False,0.0,BIPB02는 선거인명부 확정상황 기준이며 실제 투표용지 배부량과 동일하지 않음. 투표소별 실제 선거일 투표수는 미공개이므로 추정 투표수는 동 단위 투표수를 선거인수 비율로 배분한 값이며 실측값이 아님. 배부 기준 초과 여부는 추정값 기반이며 실제 부족을 확정하지 않음.,False,False,False
2800,인천광역시,2807,계양구,작전2동,제5투,작전2동제5투,,"힐스테이트자이계양(1층, 커뮤니티센터 도서관)","인천광역시 계양구 봉오대로651번길 9 (작전동, 힐스테이트자이계양)",7400.0,3700,4440,5180,0.9989,1.0,1.0,7780,0.3535,2750.0,False,0.0,BIPB02는 선거인명부 확정상황 기준이며 실제 투표용지 배부량과 동일하지 않음. 투표소별 실제 선거일 투표수는 미공개이므로 추정 투표수는 동 단위 투표수를 선거인수 비율로 배분한 값이며 실측값이 아님. 배부 기준 초과 여부는 추정값 기반이며 실제 부족을 확정하지 않음.,False,False,False
1100,서울특별시,1121,관악구,대학동,제1투,대학동제1투,대학동투표소,"대학동주민센터(지하1층, 옥내주차장)",서울특별시 관악구 신림로 111 (신림동),7395.0,3697,4437,5176,0.9988,1.0,1.0,7378,0.3078,2271.0,False,0.0,BIPB02는 선거인명부 확정상황 기준이며 실제 투표용지 배부량과 동일하지 않음. 투표소별 실제 선거일 투표수는 미공개이므로 추정 투표수는 동 단위 투표수를 선거인수 비율로 배분한 값이며 실측값이 아님. 배부 기준 초과 여부는 추정값 기반이며 실제 부족을 확정하지 않음.,False,False,False
1100,서울특별시,1116,강서구,등촌제1동,제3투,등촌제1동제3투,,"등촌1동주민센터(3층, 다목적실)",서울특별시 강서구 공항대로53가길 55 (등촌동),7375.0,3687,4425,5162,0.9988,1.0,1.0,8084,0.3218,2601.0,False,0.0,BIPB02는 선거인명부 확정상황 기준이며 실제 투표용지 배부량과 동일하지 않음. 투표소별 실제 선거일 투표수는 미공개이므로 추정 투표수는 동 단위 투표수를 선거인수 비율로 배분한 값이며 실측값이 아님. 배부 기준 초과 여부는 추정값 기반이며 실제 부족을 확정하지 않음.,False,False,True
4100,경기도,4156,화성시동탄구,동탄9동,제9투,동탄9동제9투,,"화성바른초등학교(1층, 다목적실1)",경기도 화성시 동탄구 동탄신동5길 7 (신동),7308.0,3654,4384,5115,0.9987,0.9841,1.0,17945,0.1603,2877.0,False,0.0,BIPB02는 선거인명부 확정상황 기준이며 실제 투표용지 배부량과 동일하지 않음. 투표소별 실제 선거일 투표수는 미공개이므로 추정 투표수는 동 단위 투표수를 선거인수 비율로 배분한 값이며 실측값이 아님. 배부 기준 초과 여부는 추정값 기반이며 실제 부족을 확정하지 않음.,False,False,False
4800,경상남도,4810,거제시,상문동,제3투,상문동제3투,,"상문동주민센터(3층, 대회의실)",경상남도 거제시 거제중앙로 1641 (상동동),7307.0,3653,4384,5114,0.9986,1.0,1.0,8961,0.2794,2504.0,False,0.0,BIPB02는 선거인명부 확정상황 기준이며 실제 투표용지 배부량과 동일하지 않음. 투표소별 실제 선거일 투표수는 미공개이므로 추정 투표수는 동 단위 투표수를 선거인수 비율로 배분한 값이며 실측값이 아님. 배부 기준 초과 여부는 추정값 기반이며 실제 부족을 확정하지 않음.,False,False,False
5200,강원특별자치도,5202,원주시,반곡관설동,제4투,반곡관설동제4투,,"반곡중학교(2층, 체육관)",강원특별자치도 원주시 동부순환로 225 (반곡동),7298.0,3649,4378,5108,0.9985,1.0,1.0,15021,0.2482,3728.0,True,79.0,BIPB02는 선거인명부 확정상황 기준이며 실제 투표용지 배부량과 동일하지 않음. 투표소별 실제 선거일 투표수는 미공개이므로 추정 투표수는 동 단위 투표수를 선거인수 비율로 배분한 값이며 실측값이 아님. 배부 기준 초과 여부는 추정값 기반이며 실제 부족을 확정하지 않음.,False,False,False
1100,서울특별시,1121,관악구,신림동,제1투,신림동제1투,신림동투표소,"관악우체국(1층, 민원실)",서울특별시 관악구 남부순환로 1643 (신림동),7282.0,3641,4369,5097,0.9984,0.9901,1.0,6425,0.3153,2026.0,False,0.0,BIPB02는 선거인명부 확정상황 기준이며 실제 투표용지 배부량과 동일하지 않음. 투표소별 실제 선거일 투표수는 미공개이므로 추정 투표수는 동 단위 투표수를 선거인수 비율로 배분한 값이며 실측값이 아님. 배부 기준 초과 여부는 추정값 기반이며 실제 부족을 확정하지 않음.,False,False,False
4100,경기도,4138,안성시,안성3동,제4투,안성3동제4투,,"안성중학교(1층, 3-4반)",경기도 안성시 금산길 43 (금산동),7278.0,3639,4366,5094,0.9983,1.0,1.0,7416,0.3154,2339.0,False,0.0,BIPB02는 선거인명부 확정상황 기준이며 실제 투표용지 배부량과 동일하지 않음. 투표소별 실제 선거일 투표수는 미공개이므로 추정 투표수는 동 단위 투표수를 선거인수 비율로 배분한 값이며 실측값이 아님. 배부 기준 초과 여부는 추정값 기반이며 실제 부족을 확정하지 않음.,False,False,False
4100,경기도,4126,남양주시,다산1동,제16투,다산1동제16투,,"다산하늘초등학교(1층, 로비)",경기도 남양주시 다산순환로 199 (다산동),7239.0,3619,4343,5067,0.9983,0.9934,1.0,36991,0.0859,3178.0,False,0.0,BIPB02는 선거인명부 확정상황 기준이며 실제 투표용지 배부량과 동일하지 않음. 투표소별 실제 선거일 투표수는 미공개이므로 추정 투표수는 동 단위 투표수를 선거인수 비율로 배분한 값이며 실측값이 아님. 배부 기준 초과 여부는 추정값 기반이며 실제 부족을 확정하지 않음.,False,False,False
4400,충청남도,4402,공주시,신관동,제3투,신관동제3투,,"신관초등학교(1층,신예관)",충청남도 공주시 번영1로 97-13 (신관동),7236.0,3618,4341,5065,0.9982,1.0,1.0,6080,0.4078,2479.0,False,0.0,BIPB02는 선거인명부 확정상황 기준이며 실제 투표용지 배부량과 동일하지 않음. 투표소별 실제 선거일 투표수는 미공개이므로 추정 투표수는 동 단위 투표수를 선거인수 비율로 배분한 값이며 실측값이 아님. 배부 기준 초과 여부는 추정값 기반이며 실제 부족을 확정하지 않음.,False,False,False
4100,경기도,4143,양평군,양평읍,제2투,양평읍제2투,,"양평초등학교[1층, 강당(드림아이)]",경기도 양평군 양평읍 양근로 142,7215.0,3607,4329,5050,0.9981,1.0,1.0,11446,0.2185,2501.0,False,0.0,BIPB02는 선거인명부 확정상황 기준이며 실제 투표용지 배부량과 동일하지 않음. 투표소별 실제 선거일 투표수는 미공개이므로 추정 투표수는 동 단위 투표수를 선거인수 비율로 배분한 값이며 실측값이 아님. 배부 기준 초과 여부는 추정값 기반이며 실제 부족을 확정하지 않음.,False,False,False
4100,경기도,4156,화성시동탄구,동탄6동,제6투,동탄6동제6투,,"동탄구청(동탄역 그린파킹파크 1층, 로비)",경기도 화성시 동탄구 동탄역로 122 (여울동),7169.0,3584,4301,5018,0.998,0.9683,1.0,13310,0.192,2556.0,False,0.0,BIPB02는 선거인명부 확정상황 기준이며 실제 투표용지 배부량과 동일하지 않음. 투표소별 실제 선거일 투표수는 미공개이므로 추정 투표수는 동 단위 투표수를 선거인수 비율로 배분한 값이며 실측값이 아님. 배부 기준 초과 여부는 추정값 기반이며 실제 부족을 확정하지 않음.,False,False,False
4100,경기도,4156,화성시동탄구,동탄6동,제1투,동탄6동제1투,동탄6동투표소,"동탄6동행정복지센터(동탄6동주민센터, 3층, 다목적실)",경기도 화성시 동탄구 동탄감배산로 54 (여울동),7165.0,3582,4299,5015,0.9979,0.9524,0.8333,13310,0.1918,2553.0,False,0.0,BIPB02는 선거인명부 확정상황 기준이며 실제 투표용지 배부량과 동일하지 않음. 투표소별 실제 선거일 투표수는 미공개이므로 추정 투표수는 동 단위 투표수를 선거인수 비율로 배분한 값이며 실측값이 아님. 배부 기준 초과 여부는 추정값 기반이며 실제 부족을 확정하지 않음.,False,False,False
4400,충청남도,4416,당진시,당진2동,제5투,당진2동제5투,,당진2동 실내게이트볼장(1층),충청남도 당진시 대덕1로 46-66 (대덕동),7083.0,3541,4249,4958,0.9978,0.9808,1.0,6129,0.3963,2429.0,False,0.0,BIPB02는 선거인명부 확정상황 기준이며 실제 투표용지 배부량과 동일하지 않음. 투표소별 실제 선거일 투표수는 미공개이므로 추정 투표수는 동 단위 투표수를 선거인수 비율로 배분한 값이며 실측값이 아님. 배부 기준 초과 여부는 추정값 기반이며 실제 부족을 확정하지 않음.,False,False,False
4700,경상북도,4704,경주시,용강동,제2투,용강동제2투,,"용강동주민센터(지하1층, 주차장)",서울특별시 마포구 토정로31길 31 (용강동),7040.0,3520,4224,4928,0.9978,1.0,1.0,7633,0.3577,2730.0,False,0.0,BIPB02는 선거인명부 확정상황 기준이며 실제 투표용지 배부량과 동일하지 않음. 투표소별 실제 선거일 투표수는 미공개이므로 추정 투표수는 동 단위 투표수를 선거인수 비율로 배분한 값이며 실측값이 아님. 배부 기준 초과 여부는 추정값 기반이며 실제 부족을 확정하지 않음.,False,False,False
1100,서울특별시,1121,관악구,신림동,제2투,신림동제2투,,"신림동주민센터(3층, 다목적실)",서울특별시 관악구 봉천로 224 (신림동),7019.0,3509,4211,4913,0.9977,0.9802,0.75,6425,0.3039,1953.0,False,0.0,BIPB02는 선거인명부 확정상황 기준이며 실제 투표용지 배부량과 동일하지 않음. 투표소별 실제 선거일 투표수는 미공개이므로 추정 투표수는 동 단위 투표수를 선거인수 비율로 배분한 값이며 실측값이 아님. 배부 기준 초과 여부는 추정값 기반이며 실제 부족을 확정하지 않음.,False,False,False
4400,충청남도,4418,천안시동남구,청룡동,제7투,청룡동제7투,,"천안청당초등학교(1층, 유희실)",충청남도 천안시 동남구 청당2길 94 (청당동),7018.0,3509,4210,4912,0.9976,1.0,1.0,18371,0.1424,2616.0,False,0.0,BIPB02는 선거인명부 확정상황 기준이며 실제 투표용지 배부량과 동일하지 않음. 투표소별 실제 선거일 투표수는 미공개이므로 추정 투표수는 동 단위 투표수를 선거인수 비율로 배분한 값이며 실측값이 아님. 배부 기준 초과 여부는 추정값 기반이며 실제 부족을 확정하지 않음.,False,False,False
4100,경기도,4140,광주시,탄벌동,제4투,탄벌동제4투,,"벌원초등학교(1층, 중앙현관 로비)",경기도 광주시 회안대로 621-36 (탄벌동),6962.0,3481,4177,4873,0.9975,0.9778,0.8571,12242,0.1854,2270.0,False,0.0,BIPB02는 선거인명부 확정상황 기준이며 실제 투표용지 배부량과 동일하지 않음. 투표소별 실제 선거일 투표수는 미공개이므로 추정 투표수는 동 단위 투표수를 선거인수 비율로 배분한 값이며 실측값이 아님. 배부 기준 초과 여부는 추정값 기반이며 실제 부족을 확정하지 않음.,False,False,False
1100,서울특별시,1116,강서구,화곡제6동,제1투,화곡제6동제1투,화곡제6동투표소,"화곡6동주민센터(3층, 대강당)",서울특별시 강서구 공항대로46길 105 (화곡동),6939.0,3469,4163,4857,0.9974,0.9924,1.0,8455,0.3015,2549.0,False,0.0,BIPB02는 선거인명부 확정상황 기준이며 실제 투표용지 배부량과 동일하지 않음. 투표소별 실제 선거일 투표수는 미공개이므로 추정 투표수는 동 단위 투표수를 선거인수 비율로 배분한 값이며 실측값이 아님. 배부 기준 초과 여부는 추정값 기반이며 실제 부족을 확정하지 않음.,False,False,True
1100,서울특별시,1118,금천구,독산제1동,제1투,독산제1동제1투,독산제1동투표소,"독산1동주민센터(3층, 마을활력소)",서울특별시 금천구 시흥대로123길 11 (독산동),6933.0,3466,4159,4853,0.9973,1.0,1.0,17513,0.159,2785.0,False,0.0,BIPB02는 선거인명부 확정상황 기준이며 실제 투표용지 배부량과 동일하지 않음. 투표소별 실제 선거일 투표수는 미공개이므로 추정 투표수는 동 단위 투표수를 선거인수 비율로 배분한 값이며 실측값이 아님. 배부 기준 초과 여부는 추정값 기반이며 실제 부족을 확정하지 않음.,False,False,False
4100,경기도,4154,화성시효행구,봉담읍,제15투,봉담읍제15투,,"봉담초등학교 서관(3층, 과학실2)",경기도 화성시 효행구 봉담읍 진등3길 15,6930.0,3465,4158,4851,0.9973,1.0,1.0,33126,0.076,2518.0,False,0.0,BIPB02는 선거인명부 확정상황 기준이며 실제 투표용지 배부량과 동일하지 않음. 투표소별 실제 선거일 투표수는 미공개이므로 추정 투표수는 동 단위 투표수를 선거인수 비율로 배분한 값이며 실측값이 아님. 배부 기준 초과 여부는 추정값 기반이며 실제 부족을 확정하지 않음.,False,False,False
4100,경기도,4131,하남시,미사2동,제3투,미사2동제3투,,"미사초등학교(본관 1층, 공유학교)",경기도 하남시 미사강변한강로 200 (망월동),6924.0,3462,4154,4846,0.9972,0.9737,1.0,15057,0.1868,2813.0,False,0.0,BIPB02는 선거인명부 확정상황 기준이며 실제 투표용지 배부량과 동일하지 않음. 투표소별 실제 선거일 투표수는 미공개이므로 추정 투표수는 동 단위 투표수를 선거인수 비율로 배분한 값이며 실측값이 아님. 배부 기준 초과 여부는 추정값 기반이며 실제 부족을 확정하지 않음.,False,False,False
3000,대전광역시,3004,유성구,원신흥동,제4투,원신흥동제4투,,"대전원신흥초등학교(1층, 현관)",대전광역시 유성구 원신흥로55번길 37 (원신흥동),6922.0,3461,4153,4845,0.9971,1.0,1.0,10238,0.2656,2719.0,False,0.0,BIPB02는 선거인명부 확정상황 기준이며 실제 투표용지 배부량과 동일하지 않음. 투표소별 실제 선거일 투표수는 미공개이므로 추정 투표수는 동 단위 투표수를 선거인수 비율로 배분한 값이며 실측값이 아님. 배부 기준 초과 여부는 추정값 기반이며 실제 부족을 확정하지 않음.,False,False,False
4100,경기도,4156,화성시동탄구,동탄7동,제7투,동탄7동제7투,,"청림초등학교(1층, 본관 로비)",경기도 화성시 동탄구 동탄산척로 93-22 (산척동),6913.0,3456,4147,4839,0.997,0.9365,0.875,16615,0.1565,2600.0,False,0.0,BIPB02는 선거인명부 확정상황 기준이며 실제 투표용지 배부량과 동일하지 않음. 투표소별 실제 선거일 투표수는 미공개이므로 추정 투표수는 동 단위 투표수를 선거인수 비율로 배분한 값이며 실측값이 아님. 배부 기준 초과 여부는 추정값 기반이며 실제 부족을 확정하지 않음.,False,False,False
4100,경기도,4126,남양주시,별내동,제13투,별내동제13투,,"남양주덕송초등학교(2층, 1-4반)",경기도 남양주시 별내3로 356 (별내동),6892.0,3446,4135,4824,0.9969,0.9868,1.0,26728,0.0993,2654.0,False,0.0,BIPB02는 선거인명부 확정상황 기준이며 실제 투표용지 배부량과 동일하지 않음. 투표소별 실제 선거일 투표수는 미공개이므로 추정 투표수는 동 단위 투표수를 선거인수 비율로 배분한 값이며 실측값이 아님. 배부 기준 초과 여부는 추정값 기반이며 실제 부족을 확정하지 않음.,False,False,False
4400,충청남도,4416,당진시,송악읍,제1투,송악읍제1투,송악읍투표소,"송악읍행정복지센터(1층, 대강당)",충청남도 당진시 송악읍 반촌로 59,6889.0,3444,4133,4822,0.9968,0.9615,1.0,7891,0.2771,2187.0,False,0.0,BIPB02는 선거인명부 확정상황 기준이며 실제 투표용지 배부량과 동일하지 않음. 투표소별 실제 선거일 투표수는 미공개이므로 추정 투표수는 동 단위 투표수를 선거인수 비율로 배분한 값이며 실측값이 아님. 배부 기준 초과 여부는 추정값 기반이며 실제 부족을 확정하지 않음.,False,False,False
2800,인천광역시,2805,남동구,간석4동,제2투,간석4동제2투,,석천경로당(1층),인천광역시 남동구 예술로360번길 8 (간석동),6884.0,3442,4130,4818,0.9968,1.0,1.0,9003,0.2731,2459.0,False,0.0,BIPB02는 선거인명부 확정상황 기준이며 실제 투표용지 배부량과 동일하지 않음. 투표소별 실제 선거일 투표수는 미공개이므로 추정 투표수는 동 단위 투표수를 선거인수 비율로 배분한 값이며 실측값이 아님. 배부 기준 초과 여부는 추정값 기반이며 실제 부족을 확정하지 않음.,False,False,False
4100,경기도,4115,평택시,고덕동,제7투,고덕동제7투,,"해창중학교(1층, 공용교육교실)",경기도 평택시 고덕국제5로 175 (고덕동),6878.0,3439,4126,4814,0.9967,1.0,1.0,19439,0.1368,2659.0,False,0.0,BIPB02는 선거인명부 확정상황 기준이며 실제 투표용지 배부량과 동일하지 않음. 투표소별 실제 선거일 투표수는 미공개이므로 추정 투표수는 동 단위 투표수를 선거인수 비율로 배분한 값이며 실측값이 아님. 배부 기준 초과 여부는 추정값 기반이며 실제 부족을 확정하지 않음.,False,False,False
4800,경상남도,4808,김해시,장유1동,제7투,장유1동제7투,,"장유1동행정복지센터(3층, 다목적홀)",경상남도 김해시 금관대로 579 (무계동),6873.0,3436,4123,4811,0.9966,0.9826,0.8,21982,0.117,2572.0,False,0.0,BIPB02는 선거인명부 확정상황 기준이며 실제 투표용지 배부량과 동일하지 않음. 투표소별 실제 선거일 투표수는 미공개이므로 추정 투표수는 동 단위 투표수를 선거인수 비율로 배분한 값이며 실측값이 아님. 배부 기준 초과 여부는 추정값 기반이며 실제 부족을 확정하지 않음.,False,False,False
5200,강원특별자치도,5202,원주시,반곡관설동,제1투,반곡관설동제1투,반곡관설동투표소,"버들초등학교(3층, 체육관)",강원특별자치도 원주시 건강로 80 (반곡동),6870.0,3435,4122,4809,0.9965,0.9872,0.8,15021,0.2337,3510.0,True,75.0,BIPB02는 선거인명부 확정상황 기준이며 실제 투표용지 배부량과 동일하지 않음. 투표소별 실제 선거일 투표수는 미공개이므로 추정 투표수는 동 단위 투표수를 선거인수 비율로 배분한 값이며 실측값이 아님. 배부 기준 초과 여부는 추정값 기반이며 실제 부족을 확정하지 않음.,False,False,False
2800,인천광역시,2814,검단구,아라2동,제1투,아라2동제1투,아라2동투표소,"아라2동행정복지센터(5층, 대회의실)",인천광역시 서구 바리미로 23 솔보프라자 5층 (원당동),6863.0,3431,4117,4804,0.9964,1.0,1.0,8305,0.307,2550.0,False,0.0,BIPB02는 선거인명부 확정상황 기준이며 실제 투표용지 배부량과 동일하지 않음. 투표소별 실제 선거일 투표수는 미공개이므로 추정 투표수는 동 단위 투표수를 선거인수 비율로 배분한 값이며 실측값이 아님. 배부 기준 초과 여부는 추정값 기반이며 실제 부족을 확정하지 않음.,False,False,False
2800,인천광역시,2814,검단구,불로대곡동,제5투,불로대곡동제5투,,"인천신검단초등학교(1층, 현관로비)",인천광역시 서구 금정로 55 (불로동),6853.0,3426,4111,4797,0.9963,0.9773,1.0,13022,0.1833,2387.0,False,0.0,BIPB02는 선거인명부 확정상황 기준이며 실제 투표용지 배부량과 동일하지 않음. 투표소별 실제 선거일 투표수는 미공개이므로 추정 투표수는 동 단위 투표수를 선거인수 비율로 배분한 값이며 실측값이 아님. 배부 기준 초과 여부는 추정값 기반이며 실제 부족을 확정하지 않음.,False,False,False
4100,경기도,4138,안성시,안성2동,제1투,안성2동제1투,안성2동투표소,"안성농협복지센터(1층, 제1강의실)",경기도 안성시 중앙로372번길 26 (석정동),6848.0,3424,4108,4793,0.9963,0.9844,1.0,7047,0.3021,2129.0,False,0.0,BIPB02는 선거인명부 확정상황 기준이며 실제 투표용지 배부량과 동일하지 않음. 투표소별 실제 선거일 투표수는 미공개이므로 추정 투표수는 동 단위 투표수를 선거인수 비율로 배분한 값이며 실측값이 아님. 배부 기준 초과 여부는 추정값 기반이며 실제 부족을 확정하지 않음.,False,False,False
4100,경기도,4103,수원시팔달구,인계동,제9투,인계동제9투,,"수원센트럴아이파크자이아파트 커뮤니티센터(지하3층, 실내체육관)",경기도 수원시 팔달구 인계로 21 (인계동),6835.0,3417,4101,4784,0.9962,1.0,1.0,13605,0.1673,2276.0,False,0.0,BIPB02는 선거인명부 확정상황 기준이며 실제 투표용지 배부량과 동일하지 않음. 투표소별 실제 선거일 투표수는 미공개이므로 추정 투표수는 동 단위 투표수를 선거인수 비율로 배분한 값이며 실측값이 아님. 배부 기준 초과 여부는 추정값 기반이며 실제 부족을 확정하지 않음.,False,False,False
1100,서울특별시,1106,동대문구,용두동,제4투,용두동제4투,,"동대문구청(2층, 다목적강당)",서울특별시 동대문구 천호대로 145 (용두동),6821.0,3410,4092,4774,0.9961,1.0,1.0,7660,0.3241,2483.0,False,0.0,BIPB02는 선거인명부 확정상황 기준이며 실제 투표용지 배부량과 동일하지 않음. 투표소별 실제 선거일 투표수는 미공개이므로 추정 투표수는 동 단위 투표수를 선거인수 비율로 배분한 값이며 실측값이 아님. 배부 기준 초과 여부는 추정값 기반이며 실제 부족을 확정하지 않음.,False,False,False
4100,경기도,4155,화성시병점구,동탄3동,제3투,동탄3동제3투,,"능동중학교(2층, 1-3반)",경기도 화성시 동탄구 동탄원천로 289-17 (능동),6820.0,3410,4092,4774,0.996,1.0,1.0,11705,0.211,2470.0,False,0.0,BIPB02는 선거인명부 확정상황 기준이며 실제 투표용지 배부량과 동일하지 않음. 투표소별 실제 선거일 투표수는 미공개이므로 추정 투표수는 동 단위 투표수를 선거인수 비율로 배분한 값이며 실측값이 아님. 배부 기준 초과 여부는 추정값 기반이며 실제 부족을 확정하지 않음.,False,False,False
2800,인천광역시,2814,검단구,아라1동,제2투,아라1동제2투,,"검단LH20단지아파트(1층, 맘스카페)","인천광역시 서구 이음3로 220 (원당동, 인천검단 엘에이치 20단지)",6816.0,3408,4089,4771,0.9959,0.9545,1.0,12410,0.1963,2436.0,False,0.0,BIPB02는 선거인명부 확정상황 기준이며 실제 투표용지 배부량과 동일하지 않음. 투표소별 실제 선거일 투표수는 미공개이므로 추정 투표수는 동 단위 투표수를 선거인수 비율로 배분한 값이며 실측값이 아님. 배부 기준 초과 여부는 추정값 기반이며 실제 부족을 확정하지 않음.,False,False,False
4800,경상남도,4810,거제시,상문동,제5투,상문동제5투,,"거제상동초등학교(1층, 시청각실앞 로비)",경상남도 거제시 상동5길 75-41 (상동동),6806.0,3403,4083,4764,0.9958,0.9831,0.8,8961,0.2602,2332.0,False,0.0,BIPB02는 선거인명부 확정상황 기준이며 실제 투표용지 배부량과 동일하지 않음. 투표소별 실제 선거일 투표수는 미공개이므로 추정 투표수는 동 단위 투표수를 선거인수 비율로 배분한 값이며 실측값이 아님. 배부 기준 초과 여부는 추정값 기반이며 실제 부족을 확정하지 않음.,False,False,False
4700,경상북도,4713,경산시,북부동,제3투,북부동제3투,,영남대학교 정문전시관(1층),경상북도 경산시 대학로 280 (대동),6794.0,3397,4076,4755,0.9958,1.0,1.0,4743,0.4496,2132.0,False,0.0,BIPB02는 선거인명부 확정상황 기준이며 실제 투표용지 배부량과 동일하지 않음. 투표소별 실제 선거일 투표수는 미공개이므로 추정 투표수는 동 단위 투표수를 선거인수 비율로 배분한 값이며 실측값이 아님. 배부 기준 초과 여부는 추정값 기반이며 실제 부족을 확정하지 않음.,False,False,False
4100,경기도,4150,부천시원미구,심곡2동,제3투,심곡2동제3투,,"부천대학교 몽당도서관(1층, 로비)",경기도 부천시 원미구 신흥로56번길 12 (심곡동),6761.0,3380,4056,4732,0.9957,1.0,1.0,4333,0.3691,1599.0,False,0.0,BIPB02는 선거인명부 확정상황 기준이며 실제 투표용지 배부량과 동일하지 않음. 투표소별 실제 선거일 투표수는 미공개이므로 추정 투표수는 동 단위 투표수를 선거인수 비율로 배분한 값이며 실측값이 아님. 배부 기준 초과 여부는 추정값 기반이며 실제 부족을 확정하지 않음.,False,False,False
4800,경상남도,4803,진주시,가호동,제2투,가호동제2투,,정촌초등학교 강당(1층),경상남도 진주시 동부로 11 (가좌동),6760.0,3380,4056,4732,0.9956,1.0,1.0,12365,0.2144,2651.0,False,0.0,BIPB02는 선거인명부 확정상황 기준이며 실제 투표용지 배부량과 동일하지 않음. 투표소별 실제 선거일 투표수는 미공개이므로 추정 투표수는 동 단위 투표수를 선거인수 비율로 배분한 값이며 실측값이 아님. 배부 기준 초과 여부는 추정값 기반이며 실제 부족을 확정하지 않음.,False,False,False
4300,충청북도,4302,청주시흥덕구,오송읍,제2투,오송읍제2투,,"대광로제비앙아파트 주민공동시설(1층, 작은도서관)",충청북도 청주시 흥덕구 오송읍 오송생명8로 178 (오송역 대광로제비앙),6749.0,3374,4049,4724,0.9955,1.0,1.0,15328,0.166,2544.0,False,0.0,BIPB02는 선거인명부 확정상황 기준이며 실제 투표용지 배부량과 동일하지 않음. 투표소별 실제 선거일 투표수는 미공개이므로 추정 투표수는 동 단위 투표수를 선거인수 비율로 배분한 값이며 실측값이 아님. 배부 기준 초과 여부는 추정값 기반이며 실제 부족을 확정하지 않음.,False,False,False
4600,전라남도,4602,여수시,소라면,제6투,소라면제6투,,"삼일중학교(1층, 현관)",전라남도 여수시 소라면 죽림로 26,6739.0,3369,4043,4717,0.9954,1.0,1.0,5409,0.3855,2085.0,False,0.0,BIPB02는 선거인명부 확정상황 기준이며 실제 투표용지 배부량과 동일하지 않음. 투표소별 실제 선거일 투표수는 미공개이므로 추정 투표수는 동 단위 투표수를 선거인수 비율로 배분한 값이며 실측값이 아님. 배부 기준 초과 여부는 추정값 기반이며 실제 부족을 확정하지 않음.,False,False,False
4100,경기도,4115,평택시,고덕동,제9투,고덕동제9투,,"함박초등학교(1층, 돌봄교실)",경기도 평택시 고덕국제5로 80 (고덕동),6727.0,3363,4036,4708,0.9953,0.9922,0.8889,19439,0.1338,2601.0,False,0.0,BIPB02는 선거인명부 확정상황 기준이며 실제 투표용지 배부량과 동일하지 않음. 투표소별 실제 선거일 투표수는 미공개이므로 추정 투표수는 동 단위 투표수를 선거인수 비율로 배분한 값이며 실측값이 아님. 배부 기준 초과 여부는 추정값 기반이며 실제 부족을 확정하지 않음.,False,False,False
4100,경기도,4125,구리시,갈매동,제5투,갈매동제5투,,"갈매초등학교(2층, 강당)",경기도 구리시 갈매중앙로 40 (갈매동),6727.0,3363,4036,4708,0.9953,1.0,1.0,8995,0.2723,2449.0,False,0.0,BIPB02는 선거인명부 확정상황 기준이며 실제 투표용지 배부량과 동일하지 않음. 투표소별 실제 선거일 투표수는 미공개이므로 추정 투표수는 동 단위 투표수를 선거인수 비율로 배분한 값이며 실측값이 아님. 배부 기준 초과 여부는 추정값 기반이며 실제 부족을 확정하지 않음.,False,False,False
4100,경기도,4133,여주시,중앙동,제5투,중앙동제5투,,"이충초등학교 별관(2층, 체육관)",경기도 평택시 이충로 93-5 (이충동),6717.0,3358,4030,4701,0.9952,1.0,1.0,7678,0.3143,2413.0,False,0.0,BIPB02는 선거인명부 확정상황 기준이며 실제 투표용지 배부량과 동일하지 않음. 투표소별 실제 선거일 투표수는 미공개이므로 추정 투표수는 동 단위 투표수를 선거인수 비율로 배분한 값이며 실측값이 아님. 배부 기준 초과 여부는 추정값 기반이며 실제 부족을 확정하지 않음.,False,False,False
3000,대전광역시,3002,중구,은행선화동,제3투,은행선화동제3투,,"은행선화동행정복지센터(1층, 사무실)",대전광역시 중구 보문로337번길 33 (선화동),6708.0,3354,4024,4695,0.9951,1.0,1.0,6969,0.3359,2341.0,False,0.0,BIPB02는 선거인명부 확정상황 기준이며 실제 투표용지 배부량과 동일하지 않음. 투표소별 실제 선거일 투표수는 미공개이므로 추정 투표수는 동 단위 투표수를 선거인수 비율로 배분한 값이며 실측값이 아님. 배부 기준 초과 여부는 추정값 기반이며 실제 부족을 확정하지 않음.,False,False,True
5200,강원특별자치도,5201,춘천시,강남동,제2투,강남동제2투,,"춘천남부노인복지관 (1층, 대강당)",강원특별자치도 춘천시 방송길 86 (온의동),6694.0,3347,4016,4685,0.995,1.0,1.0,8359,0.3127,2614.0,False,0.0,BIPB02는 선거인명부 확정상황 기준이며 실제 투표용지 배부량과 동일하지 않음. 투표소별 실제 선거일 투표수는 미공개이므로 추정 투표수는 동 단위 투표수를 선거인수 비율로 배분한 값이며 실측값이 아님. 배부 기준 초과 여부는 추정값 기반이며 실제 부족을 확정하지 않음.,False,False,False
2800,인천광역시,2814,검단구,불로대곡동,제1투,불로대곡동제1투,불로대곡동투표소,"불로대곡동행정복지센터(3층, 대회의실)",인천광역시 서구 검단로 814 (불로동),6692.0,3346,4015,4684,0.9949,0.9318,0.8571,13022,0.179,2331.0,False,0.0,BIPB02는 선거인명부 확정상황 기준이며 실제 투표용지 배부량과 동일하지 않음. 투표소별 실제 선거일 투표수는 미공개이므로 추정 투표수는 동 단위 투표수를 선거인수 비율로 배분한 값이며 실측값이 아님. 배부 기준 초과 여부는 추정값 기반이며 실제 부족을 확정하지 않음.,False,False,False
4100,경기도,4131,하남시,미사2동,제7투,미사2동제7투,,"망월초등학교(별관 1층, 돌봄교실3,4 옆 복도)",경기도 하남시 미사강변북로24번길 10 (망월동),6684.0,3342,4010,4678,0.9948,0.9474,0.8571,15057,0.1803,2715.0,False,0.0,BIPB02는 선거인명부 확정상황 기준이며 실제 투표용지 배부량과 동일하지 않음. 투표소별 실제 선거일 투표수는 미공개이므로 추정 투표수는 동 단위 투표수를 선거인수 비율로 배분한 값이며 실측값이 아님. 배부 기준 초과 여부는 추정값 기반이며 실제 부족을 확정하지 않음.,False,False,False
4100,경기도,4134,이천시,백사면,제2투,백사면제2투,,"도지초등학교(1층, 다목적실)",경기도 이천시 백사면 청백리로 207,6680.0,3340,4008,4676,0.9948,1.0,1.0,3906,0.5903,2306.0,False,0.0,BIPB02는 선거인명부 확정상황 기준이며 실제 투표용지 배부량과 동일하지 않음. 투표소별 실제 선거일 투표수는 미공개이므로 추정 투표수는 동 단위 투표수를 선거인수 비율로 배분한 값이며 실측값이 아님. 배부 기준 초과 여부는 추정값 기반이며 실제 부족을 확정하지 않음.,False,False,False
4100,경기도,4126,남양주시,별내동,제4투,별내동제4투,,"남양주샛별초등학교(1층, 로비)",경기도 남양주시 송산로307번길 50 (별내동),6677.0,3338,4006,4673,0.9947,0.9803,0.9286,26728,0.0962,2571.0,False,0.0,BIPB02는 선거인명부 확정상황 기준이며 실제 투표용지 배부량과 동일하지 않음. 투표소별 실제 선거일 투표수는 미공개이므로 추정 투표수는 동 단위 투표수를 선거인수 비율로 배분한 값이며 실측값이 아님. 배부 기준 초과 여부는 추정값 기반이며 실제 부족을 확정하지 않음.,False,False,False
4700,경상북도,4704,경주시,황성동,제1투,황성동제1투,황성동투표소,"황성동행정복지센터(2층, 대회의실)",경상북도 경주시 갓뒤동녘길 37 (황성동),6676.0,3338,4005,4673,0.9946,0.9836,1.0,8468,0.2829,2396.0,False,0.0,BIPB02는 선거인명부 확정상황 기준이며 실제 투표용지 배부량과 동일하지 않음. 투표소별 실제 선거일 투표수는 미공개이므로 추정 투표수는 동 단위 투표수를 선거인수 비율로 배분한 값이며 실측값이 아님. 배부 기준 초과 여부는 추정값 기반이며 실제 부족을 확정하지 않음.,False,False,False
5300,전북특별자치도,5303,군산시,수송동,제1투,수송동제1투,수송동투표소,"수송동행정복지센터(2층, 다목적실)",전북특별자치도 군산시 동수송1길 7 (수송동),6672.0,3336,4003,4670,0.9945,1.0,1.0,13488,0.1543,2081.0,False,0.0,BIPB02는 선거인명부 확정상황 기준이며 실제 투표용지 배부량과 동일하지 않음. 투표소별 실제 선거일 투표수는 미공개이므로 추정 투표수는 동 단위 투표수를 선거인수 비율로 배분한 값이며 실측값이 아님. 배부 기준 초과 여부는 추정값 기반이며 실제 부족을 확정하지 않음.,False,False,False
4100,경기도,4119,안산시단원구,초지동,제7투,초지동제7투,,"안산호원초등학교(1층, 돌봄2반)",경기도 안산시 단원구 초지1로 100 (초지동),6662.0,3331,3997,4663,0.9944,1.0,1.0,15336,0.1638,2512.0,False,0.0,BIPB02는 선거인명부 확정상황 기준이며 실제 투표용지 배부량과 동일하지 않음. 투표소별 실제 선거일 투표수는 미공개이므로 추정 투표수는 동 단위 투표수를 선거인수 비율로 배분한 값이며 실측값이 아님. 배부 기준 초과 여부는 추정값 기반이며 실제 부족을 확정하지 않음.,False,False,False
4100,경기도,4153,화성시만세구,남양읍,제7투,남양읍제7투,,"대양초등학교(1층, 다목적실)",경기도 화성시 만세구 남양읍 시청로32번길 80,6657.0,3328,3994,4659,0.9943,1.0,1.0,16150,0.1283,2072.0,False,0.0,BIPB02는 선거인명부 확정상황 기준이며 실제 투표용지 배부량과 동일하지 않음. 투표소별 실제 선거일 투표수는 미공개이므로 추정 투표수는 동 단위 투표수를 선거인수 비율로 배분한 값이며 실측값이 아님. 배부 기준 초과 여부는 추정값 기반이며 실제 부족을 확정하지 않음.,False,False,False
4100,경기도,4137,용인시기흥구,동백3동,제3투,동백3동제3투,,"중일초등학교(본관2층, 중앙로비)",경기도 용인시 기흥구 동백죽전대로527번길 36 (중동),6657.0,3328,3994,4659,0.9943,1.0,1.0,8763,0.2988,2618.0,False,0.0,BIPB02는 선거인명부 확정상황 기준이며 실제 투표용지 배부량과 동일하지 않음. 투표소별 실제 선거일 투표수는 미공개이므로 추정 투표수는 동 단위 투표수를 선거인수 비율로 배분한 값이며 실측값이 아님. 배부 기준 초과 여부는 추정값 기반이며 실제 부족을 확정하지 않음.,False,False,False
4100,경기도,4138,안성시,안성2동,제5투,안성2동제5투,,"아양LH1단지아파트(1층, 다목적실)","경기도 안성시 아양로 52 (아양동, 아양LH1단지아파트)",6655.0,3327,3993,4658,0.9942,0.9688,0.8,7047,0.2936,2069.0,False,0.0,BIPB02는 선거인명부 확정상황 기준이며 실제 투표용지 배부량과 동일하지 않음. 투표소별 실제 선거일 투표수는 미공개이므로 추정 투표수는 동 단위 투표수를 선거인수 비율로 배분한 값이며 실측값이 아님. 배부 기준 초과 여부는 추정값 기반이며 실제 부족을 확정하지 않음.,False,False,False
4800,경상남도,4825,창원시진해구,웅동1동,제1투,웅동1동제1투,웅동1동투표소,,,6653.0,3326,3991,4657,0.9941,1.0,1.0,2254,1.0,2254.0,False,0.0,BIPB02는 선거인명부 확정상황 기준이며 실제 투표용지 배부량과 동일하지 않음. 투표소별 실제 선거일 투표수는 미공개이므로 추정 투표수는 동 단위 투표수를 선거인수 비율로 배분한 값이며 실측값이 아님. 배부 기준 초과 여부는 추정값 기반이며 실제 부족을 확정하지 않음.,False,False,False
1100,서울특별시,1121,관악구,청룡동,제5투,청룡동제5투,,"관악구의회(1층, 로비)",서울특별시 관악구 관악로 145 (봉천동),6652.0,3326,3991,4656,0.994,0.9703,1.0,12563,0.1925,2418.0,False,0.0,BIPB02는 선거인명부 확정상황 기준이며 실제 투표용지 배부량과 동일하지 않음. 투표소별 실제 선거일 투표수는 미공개이므로 추정 투표수는 동 단위 투표수를 선거인수 비율로 배분한 값이며 실측값이 아님. 배부 기준 초과 여부는 추정값 기반이며 실제 부족을 확정하지 않음.,False,False,False
4100,경기도,4123,과천시,갈현동,제2투,갈현동제2투,,"과천갈현초등학교(1층, 로비)",경기도 과천시 과천대로8가길 12 (갈현동),6649.0,3324,3989,4654,0.9939,1.0,1.0,6507,0.483,3143.0,False,0.0,BIPB02는 선거인명부 확정상황 기준이며 실제 투표용지 배부량과 동일하지 않음. 투표소별 실제 선거일 투표수는 미공개이므로 추정 투표수는 동 단위 투표수를 선거인수 비율로 배분한 값이며 실측값이 아님. 배부 기준 초과 여부는 추정값 기반이며 실제 부족을 확정하지 않음.,False,False,False
2800,인천광역시,2813,서구,가정2동,제3투,가정2동제3투,,"루원시티2차SK리더스뷰아파트(1층, 헬스센터)",인천광역시 서구 봉오대로 270 (가정동),6646.0,3323,3987,4652,0.9938,1.0,1.0,5377,0.4706,2530.0,False,0.0,BIPB02는 선거인명부 확정상황 기준이며 실제 투표용지 배부량과 동일하지 않음. 투표소별 실제 선거일 투표수는 미공개이므로 추정 투표수는 동 단위 투표수를 선거인수 비율로 배분한 값이며 실측값이 아님. 배부 기준 초과 여부는 추정값 기반이며 실제 부족을 확정하지 않음.,False,False,False
5200,강원특별자치도,5202,원주시,지정면,제5투,지정면제5투,,"샘마루초등학교(2층, 체육관)",강원특별자치도 원주시 지정면 신지정로 264,6645.0,3322,3987,4651,0.9938,0.9744,1.0,8497,0.2653,2254.0,False,0.0,BIPB02는 선거인명부 확정상황 기준이며 실제 투표용지 배부량과 동일하지 않음. 투표소별 실제 선거일 투표수는 미공개이므로 추정 투표수는 동 단위 투표수를 선거인수 비율로 배분한 값이며 실측값이 아님. 배부 기준 초과 여부는 추정값 기반이며 실제 부족을 확정하지 않음.,False,False,False
4100,경기도,4126,남양주시,다산1동,제9투,다산1동제9투,,"남양주다산중학교(1층, 시청각실)",경기도 남양주시 다산중앙로172번길 50 (다산동),6632.0,3316,3979,4642,0.9937,0.9737,0.95,36991,0.0787,2911.0,False,0.0,BIPB02는 선거인명부 확정상황 기준이며 실제 투표용지 배부량과 동일하지 않음. 투표소별 실제 선거일 투표수는 미공개이므로 추정 투표수는 동 단위 투표수를 선거인수 비율로 배분한 값이며 실측값이 아님. 배부 기준 초과 여부는 추정값 기반이며 실제 부족을 확정하지 않음.,False,False,False
4100,경기도,4115,평택시,비전2동,제5투,비전2동제5투,,소사벌초등학교 체육관(1층),경기도 평택시 동부공원로 59 (비전동),6631.0,3315,3978,4641,0.9936,0.9845,1.0,17827,0.1438,2564.0,False,0.0,BIPB02는 선거인명부 확정상황 기준이며 실제 투표용지 배부량과 동일하지 않음. 투표소별 실제 선거일 투표수는 미공개이므로 추정 투표수는 동 단위 투표수를 선거인수 비율로 배분한 값이며 실측값이 아님. 배부 기준 초과 여부는 추정값 기반이며 실제 부족을 확정하지 않음.,False,False,False
4100,경기도,4150,부천시원미구,상1동,제2투,상1동제2투,,"부인중학교(1층, 더숲)",경기도 부천시 원미구 상일로 62 (상동),6622.0,3311,3973,4635,0.9935,0.9867,1.0,7354,0.3237,2380.0,False,0.0,BIPB02는 선거인명부 확정상황 기준이며 실제 투표용지 배부량과 동일하지 않음. 투표소별 실제 선거일 투표수는 미공개이므로 추정 투표수는 동 단위 투표수를 선거인수 비율로 배분한 값이며 실측값이 아님. 배부 기준 초과 여부는 추정값 기반이며 실제 부족을 확정하지 않음.,False,False,False
4100,경기도,4136,용인시수지구,신봉동,제6투,신봉동제6투,,"신봉초등학교(2층, 강당 체육관)",경기도 용인시 수지구 신봉2로 115 (신봉동),6621.0,3310,3972,4634,0.9934,1.0,1.0,15284,0.1962,2999.0,False,0.0,BIPB02는 선거인명부 확정상황 기준이며 실제 투표용지 배부량과 동일하지 않음. 투표소별 실제 선거일 투표수는 미공개이므로 추정 투표수는 동 단위 투표수를 선거인수 비율로 배분한 값이며 실측값이 아님. 배부 기준 초과 여부는 추정값 기반이며 실제 부족을 확정하지 않음.,False,False,False
4100,경기도,4156,화성시동탄구,동탄6동,제4투,동탄6동제4투,,"반도유보라아이비파크8.0 상가(2층, 반도문화재단 아이비라운지 갤러리)","경기도 화성시 동탄구 동탄광역환승로 73 (여울동, 동탄역 반도유보라 아이비파크 8.0)",6612.0,3306,3967,4628,0.9933,0.9206,0.6667,13310,0.177,2356.0,False,0.0,BIPB02는 선거인명부 확정상황 기준이며 실제 투표용지 배부량과 동일하지 않음. 투표소별 실제 선거일 투표수는 미공개이므로 추정 투표수는 동 단위 투표수를 선거인수 비율로 배분한 값이며 실측값이 아님. 배부 기준 초과 여부는 추정값 기반이며 실제 부족을 확정하지 않음.,False,False,False
4800,경상남도,4808,김해시,장유1동,제9투,장유1동제9투,,"내덕중학교(1층, 가사실)",경상남도 김해시 내덕로 80 (내덕동),6608.0,3304,3964,4625,0.9933,0.9739,0.7,21982,0.1124,2471.0,False,0.0,BIPB02는 선거인명부 확정상황 기준이며 실제 투표용지 배부량과 동일하지 않음. 투표소별 실제 선거일 투표수는 미공개이므로 추정 투표수는 동 단위 투표수를 선거인수 비율로 배분한 값이며 실측값이 아님. 배부 기준 초과 여부는 추정값 기반이며 실제 부족을 확정하지 않음.,False,False,False
2800,인천광역시,2811,영종구,영종2동,제4투,영종2동제4투,,"한신더휴2차아파트(1층, 회의실)","인천광역시 중구 은하수로 306 (중산동, 영종한신더휴2차)",6606.0,3303,3963,4624,0.9931,1.0,1.0,7895,0.3135,2475.0,False,0.0,BIPB02는 선거인명부 확정상황 기준이며 실제 투표용지 배부량과 동일하지 않음. 투표소별 실제 선거일 투표수는 미공개이므로 추정 투표수는 동 단위 투표수를 선거인수 비율로 배분한 값이며 실측값이 아님. 배부 기준 초과 여부는 추정값 기반이며 실제 부족을 확정하지 않음.,False,False,False
4400,충청남도,4404,아산시,둔포면,제4투,둔포면제4투,,"둔포국민체육센터(2층, 다목적체육관)",충청남도 아산시 둔포면 중앙공원로 51,6606.0,3303,3963,4624,0.9931,1.0,1.0,5669,0.3318,1881.0,False,0.0,BIPB02는 선거인명부 확정상황 기준이며 실제 투표용지 배부량과 동일하지 않음. 투표소별 실제 선거일 투표수는 미공개이므로 추정 투표수는 동 단위 투표수를 선거인수 비율로 배분한 값이며 실측값이 아님. 배부 기준 초과 여부는 추정값 기반이며 실제 부족을 확정하지 않음.,False,False,False
4600,전라남도,4607,광양시,광양읍,제12투,광양읍제12투,,"광양칠성초등학교(1층, 현관)",전라남도 광양시 광양읍 서평로 60,6578.0,3289,3946,4604,0.993,1.0,1.0,12825,0.1585,2033.0,False,0.0,BIPB02는 선거인명부 확정상황 기준이며 실제 투표용지 배부량과 동일하지 않음. 투표소별 실제 선거일 투표수는 미공개이므로 추정 투표수는 동 단위 투표수를 선거인수 비율로 배분한 값이며 실측값이 아님. 배부 기준 초과 여부는 추정값 기반이며 실제 부족을 확정하지 않음.,False,False,False
4100,경기도,4143,양평군,양평읍,제5투,양평읍제5투,,"양평동초등학교(1층, 체육관)",경기도 양평군 양평읍 창대길 20-8,6569.0,3284,3941,4598,0.9929,0.9815,0.875,11446,0.1989,2277.0,False,0.0,BIPB02는 선거인명부 확정상황 기준이며 실제 투표용지 배부량과 동일하지 않음. 투표소별 실제 선거일 투표수는 미공개이므로 추정 투표수는 동 단위 투표수를 선거인수 비율로 배분한 값이며 실측값이 아님. 배부 기준 초과 여부는 추정값 기반이며 실제 부족을 확정하지 않음.,False,False,False
4100,경기도,4154,화성시효행구,봉담읍,제13투,봉담읍제13투,,"봉담고등학교(1층, 강당)",경기도 화성시 효행구 봉담읍 상봉길 42,6564.0,3282,3938,4594,0.9928,0.9565,0.95,33126,0.072,2385.0,False,0.0,BIPB02는 선거인명부 확정상황 기준이며 실제 투표용지 배부량과 동일하지 않음. 투표소별 실제 선거일 투표수는 미공개이므로 추정 투표수는 동 단위 투표수를 선거인수 비율로 배분한 값이며 실측값이 아님. 배부 기준 초과 여부는 추정값 기반이며 실제 부족을 확정하지 않음.,False,False,False
4100,경기도,4155,화성시병점구,반월동,제4투,반월동제4투,,현대아파트경로당(1층),"경기도 안산시 상록구 양지마을1길 81 (사사동, 현대아파트)",6563.0,3281,3937,4594,0.9928,0.9167,1.0,11475,0.2243,2574.0,False,0.0,BIPB02는 선거인명부 확정상황 기준이며 실제 투표용지 배부량과 동일하지 않음. 투표소별 실제 선거일 투표수는 미공개이므로 추정 투표수는 동 단위 투표수를 선거인수 비율로 배분한 값이며 실측값이 아님. 배부 기준 초과 여부는 추정값 기반이며 실제 부족을 확정하지 않음.,False,False,False
1100,서울특별시,1116,강서구,화곡제6동,제4투,화곡제6동제4투,,"강서구청(3층, 대회의실)",서울특별시 강서구 화곡로 302 (화곡동),6562.0,3281,3937,4593,0.9927,0.9847,0.8,8455,0.2851,2411.0,False,0.0,BIPB02는 선거인명부 확정상황 기준이며 실제 투표용지 배부량과 동일하지 않음. 투표소별 실제 선거일 투표수는 미공개이므로 추정 투표수는 동 단위 투표수를 선거인수 비율로 배분한 값이며 실측값이 아님. 배부 기준 초과 여부는 추정값 기반이며 실제 부족을 확정하지 않음.,False,False,True
4100,경기도,4153,화성시만세구,남양읍,제8투,남양읍제8투,,"화성의과학대학교 B관(1층, 101호)",경기도 화성시 만세구 남양읍 남양중앙로 400-5,6559.0,3279,3935,4591,0.9926,0.9853,0.9,16150,0.1264,2041.0,False,0.0,BIPB02는 선거인명부 확정상황 기준이며 실제 투표용지 배부량과 동일하지 않음. 투표소별 실제 선거일 투표수는 미공개이므로 추정 투표수는 동 단위 투표수를 선거인수 비율로 배분한 값이며 실측값이 아님. 배부 기준 초과 여부는 추정값 기반이며 실제 부족을 확정하지 않음.,False,False,False
2900,광주광역시,2905,광산구,첨단1동,제5투,첨단1동제5투,,"광산구청소년수련관(1층, 에너지카페)",광주광역시 광산구 첨단중앙로182번길 39 (쌍암동),6557.0,3278,3934,4589,0.9925,1.0,1.0,6276,0.2831,1777.0,False,0.0,BIPB02는 선거인명부 확정상황 기준이며 실제 투표용지 배부량과 동일하지 않음. 투표소별 실제 선거일 투표수는 미공개이므로 추정 투표수는 동 단위 투표수를 선거인수 비율로 배분한 값이며 실측값이 아님. 배부 기준 초과 여부는 추정값 기반이며 실제 부족을 확정하지 않음.,False,False,False
4100,경기도,4116,양주시,옥정2동,제10투,옥정2동제10투,,"연푸른초등학교(1층, 중앙현관)",경기도 양주시 옥정서로1길 27 (옥정동),6551.0,3275,3930,4585,0.9924,1.0,1.0,16316,0.145,2366.0,False,0.0,BIPB02는 선거인명부 확정상황 기준이며 실제 투표용지 배부량과 동일하지 않음. 투표소별 실제 선거일 투표수는 미공개이므로 추정 투표수는 동 단위 투표수를 선거인수 비율로 배분한 값이며 실측값이 아님. 배부 기준 초과 여부는 추정값 기반이며 실제 부족을 확정하지 않음.,False,False,False
4300,충청북도,4302,청주시흥덕구,오송읍,제9투,오송읍제9투,,"오송역파라곤센트럴시티3차아파트 커뮤니티센터(1층, 로비)",충청북도 청주시 흥덕구 오송읍 오송생명7로 118,6550.0,3275,3930,4585,0.9923,0.9848,0.8889,15328,0.1611,2469.0,False,0.0,BIPB02는 선거인명부 확정상황 기준이며 실제 투표용지 배부량과 동일하지 않음. 투표소별 실제 선거일 투표수는 미공개이므로 추정 투표수는 동 단위 투표수를 선거인수 비율로 배분한 값이며 실측값이 아님. 배부 기준 초과 여부는 추정값 기반이며 실제 부족을 확정하지 않음.,False,False,False
5300,전북특별자치도,5310,완주군,봉동읍,제2투,봉동읍제2투,,"완주중학교(1층, 강당)",전북특별자치도 완주군 봉동읍 봉동동서로 60-6,6550.0,3275,3930,4585,0.9923,0.9667,1.0,5487,0.3232,1773.0,False,0.0,BIPB02는 선거인명부 확정상황 기준이며 실제 투표용지 배부량과 동일하지 않음. 투표소별 실제 선거일 투표수는 미공개이므로 추정 투표수는 동 단위 투표수를 선거인수 비율로 배분한 값이며 실측값이 아님. 배부 기준 초과 여부는 추정값 기반이며 실제 부족을 확정하지 않음.,False,False,False
4700,경상북도,4705,김천시,대곡동,제3투,대곡동제3투,,"김천부곡초등학교(1층, 정문출입로비)",경상북도 김천시 부곡맛고을1길 147 (부곡동),6550.0,3275,3930,4585,0.9923,1.0,1.0,5969,0.382,2280.0,False,0.0,BIPB02는 선거인명부 확정상황 기준이며 실제 투표용지 배부량과 동일하지 않음. 투표소별 실제 선거일 투표수는 미공개이므로 추정 투표수는 동 단위 투표수를 선거인수 비율로 배분한 값이며 실측값이 아님. 배부 기준 초과 여부는 추정값 기반이며 실제 부족을 확정하지 않음.,False,False,False
4100,경기도,4131,하남시,신장1동,제1투,신장1동제1투,신장1동투표소,"신장1동행정복지센터(3층, 대회의실)",경기도 평택시 신장로90번길 63 (신장동),6547.0,3273,3928,4582,0.9921,0.9211,1.0,2054,1.0,2054.0,False,0.0,BIPB02는 선거인명부 확정상황 기준이며 실제 투표용지 배부량과 동일하지 않음. 투표소별 실제 선거일 투표수는 미공개이므로 추정 투표수는 동 단위 투표수를 선거인수 비율로 배분한 값이며 실측값이 아님. 배부 기준 초과 여부는 추정값 기반이며 실제 부족을 확정하지 않음.,False,False,False
4100,경기도,4137,용인시기흥구,동백2동,제2투,동백2동제2투,,"석성초등학교(2층, 강당)",경기도 용인시 기흥구 동백2로 53 (중동),6540.0,3270,3924,4578,0.992,0.99,1.0,8242,0.3028,2496.0,False,0.0,BIPB02는 선거인명부 확정상황 기준이며 실제 투표용지 배부량과 동일하지 않음. 투표소별 실제 선거일 투표수는 미공개이므로 추정 투표수는 동 단위 투표수를 선거인수 비율로 배분한 값이며 실측값이 아님. 배부 기준 초과 여부는 추정값 기반이며 실제 부족을 확정하지 않음.,False,False,False
5300,전북특별자치도,5303,군산시,수송동,제4투,수송동제4투,,"군산지곡초등학교(1층, 현관)",전북특별자치도 군산시 신지길 26 (지곡동),6536.0,3268,3921,4575,0.9919,0.9853,0.8889,13488,0.1512,2039.0,False,0.0,BIPB02는 선거인명부 확정상황 기준이며 실제 투표용지 배부량과 동일하지 않음. 투표소별 실제 선거일 투표수는 미공개이므로 추정 투표수는 동 단위 투표수를 선거인수 비율로 배분한 값이며 실측값이 아님. 배부 기준 초과 여부는 추정값 기반이며 실제 부족을 확정하지 않음.,False,False,False
4300,충청북도,4301,청주시상당구,용암제2동,제8투,용암제2동제8투,,동남힐데스하임아파트 맘스스테이션(1층),"충청북도 청주시 상당구 월운로 116 (용암동, 동남 힐데스하임)",6517.0,3258,3910,4561,0.9918,1.0,1.0,14232,0.1809,2575.0,False,0.0,BIPB02는 선거인명부 확정상황 기준이며 실제 투표용지 배부량과 동일하지 않음. 투표소별 실제 선거일 투표수는 미공개이므로 추정 투표수는 동 단위 투표수를 선거인수 비율로 배분한 값이며 실측값이 아님. 배부 기준 초과 여부는 추정값 기반이며 실제 부족을 확정하지 않음.,False,False,False
2800,인천광역시,2807,계양구,효성2동,제1투,효성2동제1투,효성2동투표소,"효성2동행정복지센터(3층, 회의실)",인천광역시 계양구 아나지로 162 (효성동),6491.0,3245,3894,4543,0.9918,0.9821,1.0,10165,0.2471,2512.0,False,0.0,BIPB02는 선거인명부 확정상황 기준이며 실제 투표용지 배부량과 동일하지 않음. 투표소별 실제 선거일 투표수는 미공개이므로 추정 투표수는 동 단위 투표수를 선거인수 비율로 배분한 값이며 실측값이 아님. 배부 기준 초과 여부는 추정값 기반이며 실제 부족을 확정하지 않음.,False,False,False
